n,replicate,variant,label,nrmse,calibrated_nrmse,norm_ratio,cosine,scale
240,0,ot,oracle rows + true directions,0.2257311333862554,0.2193774453497518,1.028819770280913,0.9756400650197882,0.9483099889822252
240,0,oo,oracle rows + oracle-fit directions,0.2247232642987218,0.2184208395345209,1.028702398129867,0.9758546699468292,0.94862680569316
240,0,ft,RFD rows + true directions,0.5229523415207167,0.4984951811379278,1.024948491255165,0.8668924699074647,0.8457912541984008
240,0,of,oracle rows + RFD directions,0.2227909526426192,0.2172927836835587,1.0252964589178355,0.9761064727574804,0.9520236457148468
240,0,ff,complete RFD,0.5236190158936052,0.4994906032316988,1.0234371299579268,0.8663193044618326,0.8464802371372308
240,0,fixed,fixed-centre comparator,0.3417134461062528,,,,
240,4,ot,oracle rows + true directions,0.2924241891322169,0.2827115372898305,1.0339451467745124,0.9592049763649172,0.9277136019809618
240,4,oo,oracle rows + oracle-fit directions,0.2919791546686117,0.2823843046202888,1.033537009576201,0.959301362713572,0.928173208917725
240,4,ft,RFD rows + true directions,1.1662295837716752,0.8296215038452818,1.3779722358452944,0.558326213210067,0.4051795810440047
240,4,of,oracle rows + RFD directions,0.2920583463287888,0.2826692044280495,1.0326762743281686,0.9592174523370672,0.9288655856464876
240,4,ff,complete RFD,1.1678676805468784,0.8303436833782717,1.378497189835931,0.5572516195344833,0.4042457421337271
240,4,fixed,fixed-centre comparator,0.5226826974439844,,,,
240,3,ot,oracle rows + true directions,0.2774198633148259,0.2697507449135586,1.027709161572547,0.9629301821100944,0.9369675956149583
240,3,oo,oracle rows + oracle-fit directions,0.2773889410660076,0.2698308008225454,1.027219209436273,0.962907752034152,0.9373926647678104
240,3,ft,RFD rows + true directions,1.155886325813728,0.8172335336005236,1.3937432194756296,0.5763066471582657,0.4134955701345693
240,3,of,oracle rows + RFD directions,0.2761449009952487,0.2693622294996233,1.0238665241439682,0.963038934477206,0.9405903130609542
240,3,ff,complete RFD,1.1605394272045857,0.8191948788002849,1.3955684872785854,0.573515257466954,0.4109545770736998
240,3,fixed,fixed-centre comparator,0.3910049406982011,,,,
240,7,ot,oracle rows + true directions,0.2758627800727866,0.2700205346190705,1.0193274272383634,0.9628545637239464,0.94459791622853
240,7,oo,oracle rows + oracle-fit directions,0.2785410637088761,0.2727609643726091,1.0185316395388329,0.9620818345206006,0.9445772690539184
240,7,ft,RFD rows + true directions,1.1733705741478253,0.8311497283265143,1.384292982905353,0.5560486751200485,0.4016842402487759
240,7,of,oracle rows + RFD directions,0.2829055587830571,0.2785096499603725,1.010111696300452,0.9604334307378888,0.9508190373950618
240,7,ff,complete RFD,1.1891769006683837,0.8386114931273544,1.3878625223683716,0.5447299914588045,0.392495641808404
240,7,fixed,fixed-centre comparator,0.3717211133878526,,,,
240,1,ot,oracle rows + true directions,0.2789608249963523,0.2675697838549761,1.04244065571357,0.9635384843210992,0.9243101552495948
240,1,oo,oracle rows + oracle-fit directions,0.2808731668307621,0.2693846458306965,1.0425414590523678,0.9630326643425288,0.9237356039709832
240,1,ft,RFD rows + true directions,1.005488569381523,0.7161276705024894,1.4037797835387813,0.6979693113172509,0.4972071257200638
240,1,of,oracle rows + RFD directions,0.280106007763352,0.2691375108905778,1.0407186127198702,0.9631017600604952,0.9254199437670024
240,1,ff,complete RFD,1.009757398238526,0.7181773910953232,1.4056707743951529,0.6958600684904365,0.4950377294355135
240,1,fixed,fixed-centre comparator,0.4300294917344243,,,,
240,6,ot,oracle rows + true directions,0.269279218050931,0.2595640552134917,1.0374043317168729,0.9657258934299772,0.9309059774521378
240,6,oo,oracle rows + oracle-fit directions,0.2684632333866026,0.2590896455705046,1.0361744220933689,0.965853278483927,0.9321338742686072
240,6,ft,RFD rows + true directions,1.2033261552933163,0.8683007626224996,1.3291332945186312,0.4960380888895386,0.3732041706691183
240,6,of,oracle rows + RFD directions,0.268741705966979,0.2594605571415188,1.0357703019962266,0.9657537052933386,0.9324014247483772
240,6,ff,complete RFD,1.2063758601907235,0.8693714472304248,1.3305418606612536,0.4941591714624722,0.3713969368967351
240,6,fixed,fixed-centre comparator,0.3835764054972428,,,,
240,2,ot,oracle rows + true directions,0.245701137392838,0.2370054158167805,1.0362963044284386,0.9715083287720776,0.9374812248393628
240,2,oo,oracle rows + oracle-fit directions,0.2464139802704963,0.2375646386963796,1.0368155411938569,0.9713717323666868,0.9368799885543636
240,2,ft,RFD rows + true directions,1.132748592919376,0.7906280380624535,1.4234851831368374,0.6122967462182985,0.4301391777531691
240,2,of,oracle rows + RFD directions,0.2470656348193266,0.239155414733503,1.0329983596032457,0.970981301366636,0.9399640302812976
240,2,ff,complete RFD,1.136817848282413,0.792812449359228,1.4242068947769582,0.609465684137361,0.4279333897149881
240,2,fixed,fixed-centre comparator,0.3204328142671059,,,,
240,5,ot,oracle rows + true directions,0.2500258040377343,0.2444446956736425,1.0221960201926208,0.9696632357458028,0.9486079153028608
240,5,oo,oracle rows + oracle-fit directions,0.2494076601243734,0.2442012998424155,1.0204188026215215,0.9697245614891244,0.9503201616805178
240,5,ft,RFD rows + true directions,1.0007899310190598,0.80241990497512,1.1948424192216256,0.5967598311714014,0.4994464722470749
240,5,of,oracle rows + RFD directions,0.2495646812250013,0.2443465320434899,1.0204551156742612,0.9696879767627936,0.9502504930087754
240,5,ff,complete RFD,1.0018219850089911,0.8033376550144545,1.194102046708848,0.5955238131560127,0.4987210387900928
240,5,fixed,fixed-centre comparator,0.3587754561928745,,,,
240,8,ot,oracle rows + true directions,0.2931410636975789,0.2853838304092317,1.0254039983526495,0.9584133082031752,0.9346689790003768
240,8,oo,oracle rows + oracle-fit directions,0.2929082552179902,0.2852406949579987,1.025036634866843,0.9584559175777873,0.9350455242044058
240,8,ft,RFD rows + true directions,0.7049469228643035,0.6180380701159436,1.1252338632686378,0.7861481691687389,0.6986531376553979
240,8,of,oracle rows + RFD directions,0.2941610328982701,0.2864320823723418,1.0250884245982537,0.9581005491011076,0.9346516125929336
240,8,ff,complete RFD,0.7065143094236038,0.6190678216947063,1.1258041214278718,0.7853375275269682,0.6975791903576569
240,8,fixed,fixed-centre comparator,0.4371954302212204,,,,
240,12,ot,oracle rows + true directions,0.3019643021435672,0.2879429656034284,1.0485941831929515,0.9576475596791876,0.913268044996365
240,12,oo,oracle rows + oracle-fit directions,0.3000099011278232,0.2864868655516919,1.0471415478745028,0.9580841695103656,0.9149519197811352
240,12,ft,RFD rows + true directions,0.7098601171089762,0.6192189116857255,1.1323053155033038,0.785218402363792,0.6934687946905614
240,12,of,oracle rows + RFD directions,0.3008269688592271,0.287333367666611,1.0469171210301758,0.9578306404711452,0.914905890094367
240,12,ff,complete RFD,0.7099671036790579,0.6195648316652053,1.1316336876443076,0.7849454881478496,0.6936392020830081
240,12,fixed,fixed-centre comparator,0.431366107837161,,,,
240,10,ot,oracle rows + true directions,0.2822060658944496,0.273284325307652,1.0323317478068632,0.96193330202314,0.9318063733549984
240,10,oo,oracle rows + oracle-fit directions,0.2832932903831218,0.2742688419660861,1.03258746842355,0.9616530571503332,0.9313042105948544
240,10,ft,RFD rows + true directions,0.9835580728111176,0.7402172374523629,1.3200289054403065,0.6723677872849,0.5093583818610594
240,10,of,oracle rows + RFD directions,0.2849932105977241,0.2763793347353233,1.030587058164688,0.9610486269337576,0.9325254177412556
240,10,ff,complete RFD,0.990365542350537,0.7437256773467582,1.3224696692854696,0.6684849413824562,0.505482248030413
240,10,fixed,fixed-centre comparator,0.4682522728765929,,,,
240,11,ot,oracle rows + true directions,0.2831775482661869,0.2753687331321499,1.0273809760804509,0.9613386816378476,0.9357178145398792
240,11,oo,oracle rows + oracle-fit directions,0.2841189820139534,0.2762243006258407,1.0276043378123918,0.9610931982611076,0.9352755364064774
240,11,ft,RFD rows + true directions,0.6947438765350402,0.6006340446211619,1.1486770465242704,0.799524073710119,0.6960390443330984
240,11,of,oracle rows + RFD directions,0.2843364324348145,0.2767473698510055,1.026196830053152,0.9609427107172156,0.936411692742652
240,11,ff,complete RFD,0.6975342627991444,0.6027706091339358,1.1489439284813583,0.7979145272297679,0.6944764730898825
240,11,fixed,fixed-centre comparator,0.4144118767130713,,,,
240,13,ot,oracle rows + true directions,0.3064334717416143,0.2909083136707838,1.0530516399981913,0.9567509357388791,0.9085508244785812
240,13,oo,oracle rows + oracle-fit directions,0.3070662206646146,0.2915566424792993,1.0529090954679157,0.9565535657903314,0.9084863735223376
240,13,ft,RFD rows + true directions,1.0329143764073747,0.735732937688543,1.4022608367623997,0.6772717655418588,0.4829855814169161
240,13,of,oracle rows + RFD directions,0.3039022160149306,0.2888873037510973,1.051706539885225,0.9573631107011704,0.9102949105989676
240,13,ff,complete RFD,1.0357874959100373,0.7368992335001435,1.4039004370300483,0.6760026032989083,0.4815174819155921
240,13,fixed,fixed-centre comparator,0.4838262793816066,,,,
240,9,ot,oracle rows + true directions,0.2504195939755996,0.2468558530682976,1.011149251987009,0.9690522110835532,0.9583671344059932
240,9,oo,oracle rows + oracle-fit directions,0.2494762455252702,0.2461180888181442,1.0100354798890283,0.9692398497567588,0.9596097058523608
240,9,ft,RFD rows + true directions,0.9482633654523782,0.7544066510616242,1.2309280296360303,0.6564073467245661,0.5332621655537872
240,9,of,oracle rows + RFD directions,0.2507950238130795,0.2475642383129099,1.0089974318074966,0.9688714816262004,0.9602318609380248
240,9,ff,complete RFD,0.9527577200609362,0.7566485845105086,1.2328124468510842,0.6538217796603626,0.5303497554152614
240,9,fixed,fixed-centre comparator,0.2721572785035754,,,,
240,14,ot,oracle rows + true directions,0.254086873878224,0.2457929159505615,1.0337116624453466,0.96932236251338,0.9377105799700012
240,14,oo,oracle rows + oracle-fit directions,0.2534470134878929,0.2454182279511822,1.0327045933784589,0.96941729579645,0.9387169399770304
240,14,ft,RFD rows + true directions,0.9664458675245472,0.7327208379250417,1.3107180262328584,0.6805293334386291,0.5192034593394141
240,14,of,oracle rows + RFD directions,0.2541064575157533,0.2465147637751512,1.0307877424025795,0.9691390360731952,0.9401926276444726
240,14,ff,complete RFD,0.9737957355630792,0.7363962015732858,1.3137308676760993,0.6765505408381823,0.5149841245908716
240,14,fixed,fixed-centre comparator,0.2972849668655424,,,,
240,15,ot,oracle rows + true directions,0.2751916138197468,0.2651380157407946,1.037914317187267,0.9642104711156344,0.928988506227211
240,15,oo,oracle rows + oracle-fit directions,0.2783161670781158,0.2678901667613523,1.0389130084298062,0.9634494582242368,0.9273629749620484
240,15,ft,RFD rows + true directions,0.8758765764507633,0.734279033578817,1.1563350287313665,0.6788477744285226,0.5870684166450424
240,15,of,oracle rows + RFD directions,0.2748965593997297,0.265247375186354,1.0363742175622723,0.9641803928501914,0.9303400031680708
240,15,ff,complete RFD,0.8767997678173836,0.734917744130098,1.156354691259062,0.6781562573350833,0.5864604195073515
240,15,fixed,fixed-centre comparator,0.3460448054808256,,,,
240,16,ot,oracle rows + true directions,0.2517326852299048,0.2457341762824914,1.0239638003594664,0.9693372553486044,0.9466518787171136
240,16,oo,oracle rows + oracle-fit directions,0.2548611096665728,0.2493757436841175,1.0209988538339911,0.9684068042212391,0.948489609547296
240,16,ft,RFD rows + true directions,1.3477365120972693,0.9102835876500618,1.4078552127752242,0.413985253426897,0.2940538555884818
240,16,of,oracle rows + RFD directions,0.2576674812594634,0.2536778851889084,1.0124557920069064,0.9672887524240542,0.9553886303585448
240,16,ff,complete RFD,1.3591215289657426,0.9149817406670004,1.408492632310594,0.4034952468691373,0.2864730972764935
240,16,fixed,fixed-centre comparator,0.4555050083556937,,,,
240,19,ot,oracle rows + true directions,0.2376382813112991,0.2285876967520839,1.0384819093172444,0.9735233252950736,0.9374485164937748
240,19,oo,oracle rows + oracle-fit directions,0.2372147715904606,0.2283350981265167,1.0378782536985156,0.9735826020238624,0.938050873071544
240,19,ft,RFD rows + true directions,1.4754234885016968,0.8859550092764992,1.643583973594854,0.4637711952438167,0.2821706725634798
240,19,of,oracle rows + RFD directions,0.2381233721812446,0.2294074380713394,1.0371659560522648,0.9733304820858868,0.9384520157127474
240,19,ff,complete RFD,1.477831995612082,0.8863537843509758,1.6455331831436946,0.4630086057156001,0.2813729984047173
240,19,fixed,fixed-centre comparator,0.3516892818317857,,,,
240,18,ot,oracle rows + true directions,0.3031492252230075,0.2886875017982478,1.0499381293101433,0.9574233788170656,0.9118855217174904
240,18,oo,oracle rows + oracle-fit directions,0.3035045959868025,0.2898164566335582,1.047201394127784,0.957082243835068,0.913942866388393
240,18,ft,RFD rows + true directions,0.7949746551421087,0.67226710791299,1.1646218125570764,0.7403086759037097,0.6356644431021493
240,18,of,oracle rows + RFD directions,0.3036690041556972,0.2906850821197129,1.044665507895985,0.9568187827551544,0.9159092317331712
240,18,ff,complete RFD,0.8029611528092415,0.6773112956647654,1.1669691074428277,0.7356965466582783,0.6304336095669282
240,18,fixed,fixed-centre comparator,0.4587840398066814,,,,
240,17,ot,oracle rows + true directions,0.2856110461628239,0.2719353304317488,1.0496358910927048,0.9623155283289236,0.9168089015392968
240,17,oo,oracle rows + oracle-fit directions,0.2868522667853727,0.2730938185240745,1.0497597761880106,0.9619874044310248,0.9163881358878948
240,17,ft,RFD rows + true directions,0.9609682709925405,0.7804784484774974,1.1858192972231965,0.6251826864702499,0.5272158143607754
240,17,of,oracle rows + RFD directions,0.2877938240782478,0.2752362830413311,1.045461530594061,0.9613766111662964,0.9195714840124384
240,17,ff,complete RFD,0.9708894182039514,0.786517171899929,1.186793320010746,0.6175684077950695,0.5203672765780969
240,17,fixed,fixed-centre comparator,0.4374598732716049,,,,
240,22,ot,oracle rows + true directions,0.2983224922142985,0.2855578378641383,1.0446924138225966,0.9583614773322008,0.917362340007328
240,22,oo,oracle rows + oracle-fit directions,0.2996968776105773,0.2868510532212127,1.0447777965023275,0.9579751944940332,0.916917642872112
240,22,ft,RFD rows + true directions,1.159165906785154,0.7842032591122947,1.4741379350974215,0.6205040277046194,0.420926707692121
240,22,of,oracle rows + RFD directions,0.3015602711524751,0.2889644591363145,1.0435844687057767,0.9573398254308956,0.9173572951101512
240,22,ff,complete RFD,1.1646308470512,0.7860794545787941,1.4774531684036845,0.6181254654915179,0.4183722900397392
240,22,fixed,fixed-centre comparator,0.368335743482189,,,,
240,21,ot,oracle rows + true directions,0.3158129811531674,0.3003706386669866,1.0513690558144355,0.9538225618147156,0.9072195501092084
240,21,oo,oracle rows + oracle-fit directions,0.3199380805648739,0.3043735059177702,1.0511283409062449,0.9525527643628594,0.9062192762699204
240,21,ft,RFD rows + true directions,0.9111278582330776,0.7241445539885464,1.2426117242535843,0.689648218245164,0.5549989628976211
240,21,of,oracle rows + RFD directions,0.3214918554791542,0.3063644068993164,1.0493712901338967,0.9519143082154138,0.9071282177864348
240,21,ff,complete RFD,0.9213239039519284,0.7292426897661913,1.2473207114256928,0.6842551420505153,0.5485799568487953
240,21,fixed,fixed-centre comparator,0.454712824568803,,,,
240,20,ot,oracle rows + true directions,0.2736639874762512,0.2595394395569849,1.052515326363504,0.965732509194159,0.9175472176075722
240,20,oo,oracle rows + oracle-fit directions,0.275685771448092,0.2612719870544074,1.0532401806959828,0.965265221988569,0.9164720827026558
240,20,ft,RFD rows + true directions,0.8442285085866698,0.648043931984543,1.302676737166373,0.7616029557571404,0.5846446275027566
240,20,of,oracle rows + RFD directions,0.2759768823019217,0.2632601437654858,1.04753391630646,0.964724881354563,0.9209485882386736
240,20,ff,complete RFD,0.8519562430583543,0.6535381163552806,1.3034440339721292,0.7568936057800933,0.5806874603380767
240,20,fixed,fixed-centre comparator,0.3419911127373352,,,,
240,23,ot,oracle rows + true directions,0.2662758793233755,0.2564933812092495,1.0380581491517726,0.9665459872121176,0.9311096762757558
240,23,oo,oracle rows + oracle-fit directions,0.2654231958781836,0.2559068129695896,1.0371370708788528,0.9667014549879128,0.9320864928381608
240,23,ft,RFD rows + true directions,0.7320915776683401,0.6557660597425456,1.080431438748704,0.7549641547051994,0.6987617424198219
240,23,of,oracle rows + RFD directions,0.2675293683902672,0.2600367458929249,1.0284704458694487,0.9655987214083388,0.9388687106045528
240,23,ff,complete RFD,0.7444551712562208,0.6652651860649196,1.0807264884572598,0.7466071471731356,0.690838204806953
240,23,fixed,fixed-centre comparator,0.3824974621413628,,,,
240,24,ot,oracle rows + true directions,0.250174625190951,0.2413550168688612,1.0362783572554584,0.9704368891546898,0.9364635306336544
240,24,oo,oracle rows + oracle-fit directions,0.2471561768420252,0.2383951162770048,1.0363905176772368,0.9711682493447124,0.9370678646513472
240,24,ft,RFD rows + true directions,1.193908007673882,0.808627947528442,1.4666922448053008,0.5883203570130302,0.4011205207477783
240,24,of,oracle rows + RFD directions,0.2483510916286088,0.2403033850809956,1.033407862819698,0.9706978330657872,0.9393172511937312
240,24,ff,complete RFD,1.196589728788137,0.8097799327491493,1.4676897024753266,0.5867337219870556,0.3997668723828354
240,24,fixed,fixed-centre comparator,0.3620094159856382,,,,
240,25,ot,oracle rows + true directions,0.2540758251994007,0.2459346128532651,1.0330883893784293,0.9692864211370724,0.9382415203797384
240,25,oo,oracle rows + oracle-fit directions,0.2548949725170191,0.246573872758552,1.0337209979729378,0.9691239989149218,0.9375102187295348
240,25,ft,RFD rows + true directions,0.8130154012668818,0.6541322378326349,1.2391897520343425,0.7563802056030215,0.6103828766831664
240,25,of,oracle rows + RFD directions,0.252760411585234,0.2448902160470636,1.0321336217334374,0.969550814596338,0.9393655958692698
240,25,ff,complete RFD,0.8142156498555683,0.6549013427953574,1.2395029290563675,0.7557143846750819,0.6096914875791432
240,25,fixed,fixed-centre comparator,0.3116399217870316,,,,
240,27,ot,oracle rows + true directions,0.2494791459720804,0.2424551650931693,1.0289447278682446,0.9701626115861424,0.942871453937194
240,27,oo,oracle rows + oracle-fit directions,0.2481625154880493,0.2412975125117483,1.0284179429403977,0.9704511891154768,0.9436350228787476
240,27,ft,RFD rows + true directions,1.0603016405259331,0.7978719909531038,1.301139059403013,0.6028269121833647,0.4633070599386609
240,27,of,oracle rows + RFD directions,0.2483447594024598,0.2416928537869084,1.0274464460509038,0.9703528041018586,0.9444315154639052
240,27,ff,complete RFD,1.0648588391046887,0.7996246974522208,1.303724572676259,0.6005000776223466,0.4606034819069587
240,27,fixed,fixed-centre comparator,0.4106775261223284,,,,
240,26,ot,oracle rows + true directions,0.2637723964454516,0.2548857842494326,1.0348616232985903,0.96697116657507,0.934396584823465
240,26,oo,oracle rows + oracle-fit directions,0.2631752574762237,0.2545410501186883,1.0339205517308392,0.967061969991828,0.9353348943232762
240,26,ft,RFD rows + true directions,0.8169144546354211,0.6664125456865637,1.2180697627788046,0.7455832072623106,0.6121022211087467
240,26,of,oracle rows + RFD directions,0.2612364838842861,0.252951030493434,1.0327498781023343,0.9674790830670756,0.936799029059008
240,26,ff,complete RFD,0.8191064513927854,0.667721960524886,1.2188396425381558,0.7444107625718495,0.6107536517450824
240,26,fixed,fixed-centre comparator,0.308655283524767,,,,
240,28,ot,oracle rows + true directions,0.2638627893968117,0.2603100522300994,1.008678853696176,0.9655250782387595,0.9572175273633576
240,28,oo,oracle rows + oracle-fit directions,0.2639469494999032,0.2604359240285316,1.0083994270193537,0.965491133815016,0.9574491098917352
240,28,ft,RFD rows + true directions,1.156025723444103,0.9064238678775788,1.139858779745755,0.422369236263544,0.3705452322416233
240,28,of,oracle rows + RFD directions,0.2636074773894846,0.2609286336957516,1.00284342704859,0.9653580932056604,0.9626209507567391
240,28,ff,complete RFD,1.1656018560044334,0.910170035131072,1.1423956750804536,0.4142348454071711,0.3626019026883995
240,28,fixed,fixed-centre comparator,0.3283520156283398,,,,
240,30,ot,oracle rows + true directions,0.2586544414915387,0.2520035219857059,1.02600448639223,0.9677263171510836,0.9431989138311944
240,30,oo,oracle rows + oracle-fit directions,0.2588401741511542,0.2521264989906412,1.0262644499139733,0.9676942846305968,0.9429287789435888
240,30,ft,RFD rows + true directions,1.06686810402887,0.8638051506007699,1.1299635587034047,0.5038260233409758,0.4458781165643069
240,30,of,oracle rows + RFD directions,0.261742597614983,0.2553813022716597,1.024195257838428,0.9668404162270172,0.9440000906346128
240,30,ff,complete RFD,1.0752025868695538,0.8670593214450413,1.134026218906665,0.4982049107498487,0.4393239789730586
240,30,fixed,fixed-centre comparator,0.2760353421450545,,,,
240,29,ot,oracle rows + true directions,0.2476765156240285,0.2398966475159059,1.0323878392760582,0.9707984335126572,0.940342763232673
240,29,oo,oracle rows + oracle-fit directions,0.2481812761652211,0.2404626211291878,1.0320723526022109,0.9706583991496084,0.9404945270573748
240,29,ft,RFD rows + true directions,0.8499830074712131,0.6440536066133414,1.3196569011026564,0.76498036040695,0.5796812487910765
240,29,of,oracle rows + RFD directions,0.2485027595705677,0.2416146486332773,1.0284754904658453,0.9703722798832508,0.9435054980685276
240,29,ff,complete RFD,0.8534885514297293,0.6459955683958384,1.3211336235110394,0.7633411593861148,0.5777925455848003
240,29,fixed,fixed-centre comparator,0.2930099566791646,,,,
240,31,ot,oracle rows + true directions,0.27401963846009,0.2626204321921168,1.0431122059305704,0.9648992219891288,0.9250195870619048
240,31,oo,oracle rows + oracle-fit directions,0.2731530712424175,0.2618712452818253,1.0427948468777766,0.9651028188201224,0.9254963444724806
240,31,ft,RFD rows + true directions,1.0053608904668692,0.7372137075059398,1.3592285610972692,0.6756596402519146,0.4970905258983614
240,31,of,oracle rows + RFD directions,0.272589570427541,0.2619300310613933,1.0405701934731657,0.9650868659494738,0.9274596485684956
240,31,ff,complete RFD,1.0118805501752088,0.7402201101140824,1.3622750800789638,0.6723646247258224,0.4935600999813113
240,31,fixed,fixed-centre comparator,0.3597695529794366,,,,
240,32,ot,oracle rows + true directions,0.3037655736767735,0.2915390509184852,1.0418730854199154,0.9565589275050173,0.9181146349696584
240,32,oo,oracle rows + oracle-fit directions,0.3031376224413259,0.2908845324719241,1.042072918288138,0.9567581662931288,0.9181297676028662
240,32,ft,RFD rows + true directions,0.5648592563097456,0.49352486934537,1.144502830866882,0.8697316846807613,0.7599209553916086
240,32,of,oracle rows + RFD directions,0.3042119587206039,0.292158432863372,1.041154165355119,0.956369933711228,0.9185670725190128
240,32,ff,complete RFD,0.5664810963398278,0.4947464244018644,1.144948254193072,0.8690373844326665,0.7590189174489289
240,32,fixed,fixed-centre comparator,0.4681794867002981,,,,
240,33,ot,oracle rows + true directions,0.2468563532611087,0.243514142245843,1.0103809439488485,0.9698973463858284,0.9599323425432004
240,33,oo,oracle rows + oracle-fit directions,0.2480515209297497,0.2450255683613097,1.0081433938931033,0.9695166171083492,0.96168523543502
240,33,ft,RFD rows + true directions,0.9378032576727374,0.7734089368739439,1.1642974329366258,0.6339074193945959,0.5444548802239783
240,33,of,oracle rows + RFD directions,0.2468033678653771,0.2438321953653457,1.0079980979313352,0.9698174366876045,0.9621222884030366
240,33,ff,complete RFD,0.939603048568672,0.7745916775083385,1.1643090127997808,0.6324616455839974,0.5432077211728654
240,33,fixed,fixed-centre comparator,0.3745892698679036,,,,
240,34,ot,oracle rows + true directions,0.3113394081100686,0.2973008743170079,1.0472198613579948,0.9547838447158304,0.9117319867078372
240,34,oo,oracle rows + oracle-fit directions,0.3134387015433302,0.3001823303756373,1.0440726849860538,0.9538818420172658,0.913616317842859
240,34,ft,RFD rows + true directions,0.722263017645659,0.5879780712761681,1.2283356316651557,0.8088768680697684,0.6585145356186072
240,34,of,oracle rows + RFD directions,0.3144279073662356,0.3022020860248153,1.0400701924738978,0.9532438823314052,0.9165187977015588
240,34,ff,complete RFD,0.730404268175321,0.5947324846859188,1.2279327135205749,0.8039236727820085,0.6546968444851502
240,34,fixed,fixed-centre comparator,0.4436713099986983,,,,
240,35,ot,oracle rows + true directions,0.2879669057415724,0.2788900591277504,1.0320536001286376,0.9603230367536332,0.930497249981916
240,35,oo,oracle rows + oracle-fit directions,0.2872347466833533,0.2781507596992881,1.0322030048205666,0.9605374302330486,0.9305702713004832
240,35,ft,RFD rows + true directions,1.017692746651973,0.7501621517229854,1.3489713562291672,0.6612539195515901,0.490191223481586
240,35,of,oracle rows + RFD directions,0.2872224756287883,0.2785167142374724,1.0306110829326247,0.9604313821873806,0.9319047680473742
240,35,ff,complete RFD,1.0199859290997686,0.751675792077348,1.3489925798358184,0.6595327919102215,0.4889076498778749
240,35,fixed,fixed-centre comparator,0.423947999164747,,,,
240,38,ot,oracle rows + true directions,0.2535724451324088,0.239773620155278,1.053336984089201,0.9708288268678638,0.9216697424778258
240,38,oo,oracle rows + oracle-fit directions,0.2514145430618261,0.2382074502270193,1.051628742940674,0.9712142969789632,0.9235334270753692
240,38,ft,RFD rows + true directions,1.111233267596302,0.8103996528930268,1.3462009328619475,0.5858774638018274,0.4352080358140036
240,38,of,oracle rows + RFD directions,0.2497624182500852,0.2386907470125232,1.0446346891152607,0.9710956324124846,0.9296030875970058
240,38,ff,complete RFD,1.1117550328324977,0.8105853934569448,1.3465084732527357,0.5856204572197338,0.4349177660984643
240,38,fixed,fixed-centre comparator,0.4058350008167745,,,,
240,36,ot,oracle rows + true directions,0.2809245982497109,0.2734561000620822,1.0262303563827904,0.9618844844048772,0.9372988027710304
240,36,oo,oracle rows + oracle-fit directions,0.2837488767248621,0.2759324970852309,1.0273183960988372,0.961177016502324,0.9356174484486212
240,36,ft,RFD rows + true directions,0.7555012233896357,0.6638852989249185,1.1084427999047024,0.7478344134040447,0.6746711814703829
240,36,of,oracle rows + RFD directions,0.2847828014278898,0.2780054556734557,1.022338790905271,0.9605794952089048,0.9395901864961232
240,36,ff,complete RFD,0.7652580019675461,0.6701811920174185,1.1116254358405646,0.7421975275262725,0.6676687160950522
240,36,fixed,fixed-centre comparator,0.4101783219929486,,,,
240,37,ot,oracle rows + true directions,0.2669846599718017,0.2603717582094693,1.024562281330555,0.9655084399045456,0.9423618822378288
240,37,oo,oracle rows + oracle-fit directions,0.2662217922359702,0.2599561096622354,1.0230387552996911,0.9656204332185996,0.9438747341841692
240,37,ft,RFD rows + true directions,1.2251809584153506,0.9259015292322076,1.1801206943876137,0.3777649509489461,0.3201070473092375
240,37,of,oracle rows + RFD directions,0.2678994325758229,0.2621698349334169,1.0201314914895028,0.9650217498331244,0.9459778056886446
240,37,ff,complete RFD,1.232830320532027,0.928873187446782,1.1809934804198814,0.3703978963796303,0.3136324649717303
240,37,fixed,fixed-centre comparator,0.4095846270362505,,,,
240,39,ot,oracle rows + true directions,0.266015088497905,0.2536642836594355,1.0474076020007017,0.9672923194130848,0.9235108830272142
240,39,oo,oracle rows + oracle-fit directions,0.265316749628017,0.2532191260428197,1.046611548746509,0.9674089487936892,0.9243247410678028
240,39,ft,RFD rows + true directions,1.1014675398898612,0.6384045053445813,1.6672924977339438,0.769701037777487,0.4616472747424977
240,39,of,oracle rows + RFD directions,0.2654620954046949,0.253800870259914,1.045071928166088,0.9672564904177744,0.9255405913688012
240,39,ff,complete RFD,1.1049112715737626,0.6404212373832464,1.6684068585476444,0.768023852955435,0.4603336704237737
240,39,fixed,fixed-centre comparator,0.4037769671672803,,,,
240,40,ot,oracle rows + true directions,0.2997193713125202,0.2915944093159016,1.025855847368496,0.9565420536786192,0.9324332030979996
240,40,oo,oracle rows + oracle-fit directions,0.3002851555846536,0.2920762265317843,1.0261277651019334,0.9563950428013284,0.9320428462495816
240,40,ft,RFD rows + true directions,0.6293648402977582,0.5664362338419631,1.098423079505741,0.8241055715082463,0.7502624324673426
240,40,of,oracle rows + RFD directions,0.3019959693333395,0.293925532792239,1.0251777752707705,0.9558283220185508,0.9323537293481584
240,40,ff,complete RFD,0.6337990448211769,0.5693230989049999,1.1006321569603057,0.8221138662333873,0.7469469804551941
240,40,fixed,fixed-centre comparator,0.4119052967053129,,,,
240,42,ot,oracle rows + true directions,0.2988925227817808,0.2853479957361678,1.0473804925371206,0.9584239778560176,0.9150676231656564
240,42,oo,oracle rows + oracle-fit directions,0.2971001873704517,0.2838125494286935,1.0467373836309664,0.9588797822390384,0.9160652874676508
240,42,ft,RFD rows + true directions,1.6672408896097193,0.8662619764520343,1.924118844678214,0.4995900200698721,0.2596461343599712
240,42,of,oracle rows + RFD directions,0.2984288016146672,0.2850902938535243,1.0467235301870053,0.9585006647626862,0.9157152171705192
240,42,ff,complete RFD,1.671220420928425,0.8667762825973031,1.9275696610864,0.4986971785831562,0.258718109467486
240,42,fixed,fixed-centre comparator,0.4443626500979267,,,,
240,41,ot,oracle rows + true directions,0.2833052197863039,0.2733958262670274,1.036175231732703,0.9619016177238549,0.9283194466203878
240,41,oo,oracle rows + oracle-fit directions,0.2818709593050908,0.2727049094274285,1.0333947801153294,0.9620977249605042,0.9310069524960556
240,41,ft,RFD rows + true directions,0.7561693469365538,0.5988467926331984,1.2625719579266923,0.8008636082086209,0.634311258998452
240,41,of,oracle rows + RFD directions,0.282453721967023,0.2734397302878592,1.0326762763820432,0.9618891380507958,0.9314527311702672
240,41,ff,complete RFD,0.7618749810929963,0.6030308510469907,1.2633435513826723,0.79771786534184,0.6314338364008539
240,41,fixed,fixed-centre comparator,0.4146196713370608,,,,
240,43,ot,oracle rows + true directions,0.2690287306364072,0.2591785079215803,1.0379609759664905,0.9658294368218148,0.9305065018677502
240,43,oo,oracle rows + oracle-fit directions,0.2686378295594795,0.2592589322542989,1.036171830344142,0.9658078515141412,0.9320923646354764
240,43,ft,RFD rows + true directions,1.1850247643643643,0.8039718678690689,1.4652492797368255,0.5946673319387239,0.405847209865568
240,43,of,oracle rows + RFD directions,0.2676850625732626,0.2588721527534653,1.034032819264819,0.9659115945720844,0.934120829219746
240,43,ff,complete RFD,1.1867551070564686,0.80474946180782,1.4658336109751235,0.593614608748828,0.4049672516063641
240,43,fixed,fixed-centre comparator,0.4077136831052405,,,,
240,44,ot,oracle rows + true directions,0.2709450887133032,0.2631736775099393,1.029175614157119,0.9647484726424264,0.9373992731381828
240,44,oo,oracle rows + oracle-fit directions,0.2734091291642382,0.2655677400669437,1.0291024123194774,0.9640922027667976,0.9368282410239868
240,44,ft,RFD rows + true directions,0.7993846110536968,0.5859913995804186,1.35403579741317,0.8103172709610614,0.5984459735179374
240,44,of,oracle rows + RFD directions,0.2730312252924359,0.2671924519046677,1.0198058412677409,0.9636431879306636,0.9449280921285363
240,44,ff,complete RFD,0.81919916465649,0.596125841912835,1.3647817971125191,0.8028910141505595,0.5882925870269099
240,44,fixed,fixed-centre comparator,0.3170924076954572,,,,
240,46,ot,oracle rows + true directions,0.3085864006175912,0.2977231767750762,1.0358093565363369,0.9546522455904854,0.9216486021933284
240,46,oo,oracle rows + oracle-fit directions,0.3101323497487756,0.2992630287917871,1.0355568578956698,0.9541706553852756,0.921408272380353
240,46,ft,RFD rows + true directions,0.8502957490756956,0.73193942765495,1.114113895866866,0.6813697045247492,0.6115799354558732
240,46,of,oracle rows + RFD directions,0.3108085821250091,0.3004895478334201,1.0332080663652423,0.9537851076856184,0.923129753565486
240,46,ff,complete RFD,0.8526796179574582,0.7333299176043067,1.114947386460401,0.6798729527981394,0.6097803008951992
240,46,fixed,fixed-centre comparator,0.4665123521346004,,,,
240,45,ot,oracle rows + true directions,0.2820321725953761,0.2777475818316607,1.0096278296298222,0.9606540900796005,0.9514932749346084
240,45,oo,oracle rows + oracle-fit directions,0.2832534757256808,0.2789917154163595,1.009244037129024,0.9602935086363112,0.9514978273917164
240,45,ft,RFD rows + true directions,0.6141370022184583,0.5374500343657216,1.1404684707121868,0.8432955950082299,0.7394291176516421
240,45,of,oracle rows + RFD directions,0.2841902214626398,0.2804821878789396,1.005617554913974,0.9598592304513424,0.9544972895122678
240,45,ff,complete RFD,0.6203289177408946,0.5421507096997744,1.1417453183652917,0.8402812671790504,0.7359620868707691
240,45,fixed,fixed-centre comparator,0.380079180486165,,,,
240,47,ot,oracle rows + true directions,0.2693489045187834,0.2609553695534274,1.0320676368238109,0.9653508663181664,0.935356203290159
240,47,oo,oracle rows + oracle-fit directions,0.2685362082338159,0.260370020585242,1.031229129986165,0.9655089084935676,0.936270010629472
240,47,ft,RFD rows + true directions,0.6654565252097056,0.6021113922594665,1.081774508702421,0.7984120936655249,0.7380577812128453
240,47,of,oracle rows + RFD directions,0.2682685591660364,0.2605995702305954,1.029132797557748,0.9654469762734922,0.9381170035243366
240,47,ff,complete RFD,0.6684247443336361,0.6044311545934435,1.0820599335393872,0.7966573789006396,0.7362414541076256
240,47,fixed,fixed-centre comparator,0.382848547709145,,,,
240,48,ot,oracle rows + true directions,0.3114685954246423,0.2985596665947236,1.0431311051818044,0.9543909709772236,0.9149290690654704
240,48,oo,oracle rows + oracle-fit directions,0.3119652343472815,0.3003290733401318,1.0382439149500704,0.953835650259864,0.9187009300273477
240,48,ft,RFD rows + true directions,0.83737581935052,0.6799087291405923,1.2220936204110249,0.7332967475984224,0.600033201508567
240,48,of,oracle rows + RFD directions,0.3101877065775402,0.2984683916052467,1.0388768017514032,0.9544195195052212,0.918703274436585
240,48,ff,complete RFD,0.8395920322270307,0.6820292608872672,1.2209684980369282,0.7313248849133798,0.5989711332349712
240,48,fixed,fixed-centre comparator,0.4781874763528946,,,,
240,49,ot,oracle rows + true directions,0.266232637405545,0.2557982061827035,1.0405346361148,0.9667301990285144,0.9290706579822652
240,49,oo,oracle rows + oracle-fit directions,0.2678756922708216,0.2572724255368249,1.040959861121172,0.9663389152147394,0.9283152514391269
240,49,ft,RFD rows + true directions,0.9852152536399978,0.7926424018994562,1.1948082798482325,0.6096868234684598,0.5102800455533366
240,49,of,oracle rows + RFD directions,0.2673180927212002,0.2571710219414618,1.0393181387269692,0.9663659066179768,0.9298076023205468
240,49,ff,complete RFD,0.9886974588673632,0.7943173687946411,1.1962156673721094,0.6075030186189678,0.5078540895167782
240,49,fixed,fixed-centre comparator,0.328902400151382,,,,
240,50,ot,oracle rows + true directions,0.2651780888933357,0.258221122600189,1.0264287830159011,0.9660858408252851,0.941210785210725
240,50,oo,oracle rows + oracle-fit directions,0.264647420404257,0.2579397211487523,1.0253670702029194,0.9661610115574444,0.9422586697330176
240,50,ft,RFD rows + true directions,1.020935021376236,0.7584918133775069,1.3350554431543904,0.6516825676963451,0.48813146378145
240,50,of,oracle rows + RFD directions,0.2670296791448562,0.2601349014247373,1.025860611598233,0.9655722826700974,0.94123146142222
240,50,ff,complete RFD,1.0247145439773964,0.7594462484929858,1.338524480401316,0.6505700543753381,0.4860352305101541
240,50,fixed,fixed-centre comparator,0.3916473715574073,,,,
240,52,ot,oracle rows + true directions,0.3237666647674417,0.307685965596951,1.0522560139395716,0.9514879644928106,0.9042361857648188
240,52,oo,oracle rows + oracle-fit directions,0.3235914177820654,0.3074609433900819,1.0524525937155402,0.951560701316359,0.9041364019608747
240,52,ft,RFD rows + true directions,0.9880885520123548,0.713363466015332,1.384483899528047,0.7007942389564803,0.5061772399053337
240,52,of,oracle rows + RFD directions,0.326120648023224,0.3108877632611302,1.048952852885247,0.9504466311447956,0.9060908967743398
240,52,ff,complete RFD,0.9972421445556416,0.7180953805804638,1.387920796555321,0.6959446992319134,0.5014296932210955
240,52,fixed,fixed-centre comparator,0.47899003147592,,,,
240,51,ot,oracle rows + true directions,0.2785113471797356,0.2693827047583171,1.0337546954491788,0.9630332073075638,0.9315877466356896
240,51,oo,oracle rows + oracle-fit directions,0.2798520483718683,0.2710223399148202,1.0323158726322736,0.9625730576258074,0.9324404314072676
240,51,ft,RFD rows + true directions,0.6691698473009302,0.5798651542797378,1.1486955308900435,0.8147124663659788,0.7092501402305578
240,51,of,oracle rows + RFD directions,0.2783462271182135,0.2694874565473374,1.032668330432298,0.9630038996617027,0.932539394578478
240,51,ff,complete RFD,0.6707496083410612,0.5811581997256551,1.1486938495373082,0.8137906038359227,0.7084486472733494
240,51,fixed,fixed-centre comparator,0.4299982279313243,,,,
240,53,ot,oracle rows + true directions,0.2858080772541617,0.2736645663495924,1.0442506892111687,0.9618251946818036,0.9210673304974024
240,53,oo,oracle rows + oracle-fit directions,0.2852932198762027,0.2731962913276323,1.0441532453047602,0.9619583080387776,0.9212807721131088
240,53,ft,RFD rows + true directions,1.1589838871834015,0.8324772571073762,1.360424684895206,0.5540592174118031,0.4072693060950172
240,53,of,oracle rows + RFD directions,0.2900303415712247,0.2791673375437257,1.0388757733169778,0.9602424681551778,0.9243092319780106
240,53,ff,complete RFD,1.1680995601276256,0.8362664363766665,1.363869153268788,0.5483233055323027,0.4020351250104417
240,53,fixed,fixed-centre comparator,0.3933028064927973,,,,
240,54,ot,oracle rows + true directions,0.2816507350504925,0.2730311006974492,1.0311511005074492,0.9620052068736112,0.9329430055403032
240,54,oo,oracle rows + oracle-fit directions,0.2817115050351068,0.2731501965472106,1.0308941240311449,0.9619713977692996,0.9331427693153068
240,54,ft,RFD rows + true directions,0.8821813438784039,0.624876526785141,1.4034380121767602,0.7807235914668768,0.5562936051988211
240,54,of,oracle rows + RFD directions,0.2825829191635329,0.274305022381528,1.029538693984932,0.9616427375570769,0.9340520596024836
240,54,ff,complete RFD,0.88467500054534,0.6259003700706471,1.405121852296162,0.7799030239365835,0.555042982686601
240,54,fixed,fixed-centre comparator,0.3761971312808159,,,,
240,55,ot,oracle rows + true directions,0.2594128059146408,0.2560936951965258,1.008016479511374,0.9666519638838938,0.9589644450579506
240,55,oo,oracle rows + oracle-fit directions,0.2581909400517883,0.2549722765079241,1.0075894727339356,0.9669483637776976,0.9596650123328851
240,55,ft,RFD rows + true directions,0.9151658538747676,0.7554726822806325,1.1716969109628568,0.6551801479957297,0.5591720366125461
240,55,of,oracle rows + RFD directions,0.2584930432178688,0.2557987857827837,1.003954158604217,0.9667300456653104,0.9629224973870728
240,55,ff,complete RFD,0.9265155957601316,0.7615240882276382,1.1758791707872407,0.64813660832348,0.5511932045616202
240,55,fixed,fixed-centre comparator,0.5517047596254117,,,,
240,56,ot,oracle rows + true directions,0.2789050384548764,0.2673078016836342,1.0432011439095006,0.9636111970909548,0.9237060395464344
240,56,oo,oracle rows + oracle-fit directions,0.2792654521615215,0.2683346929534555,1.040692956758397,0.963325745818918,0.9256579854441735
240,56,ft,RFD rows + true directions,0.871557174859312,0.7141417890090049,1.1996143398111676,0.7000010751356156,0.5835217635409423
240,56,of,oracle rows + RFD directions,0.2810604157501686,0.2714180689664452,1.0354491440356628,0.9624615482389548,0.9295111727918968
240,56,ff,complete RFD,0.8759149482214106,0.7180511699320816,1.1976171813074723,0.6959903141274084,0.5811458995332517
240,56,fixed,fixed-centre comparator,0.4499090193696237,,,,
240,58,ot,oracle rows + true directions,0.3152343459665261,0.2976237728086939,1.0585715591614058,0.9546832405877452,0.9018599000940852
240,58,oo,oracle rows + oracle-fit directions,0.3156114673602174,0.2979543463160731,1.058665690854138,0.9545801210539436,0.9016823056613674
240,58,ft,RFD rows + true directions,1.165180074662867,0.7345018033691071,1.5831241241745224,0.6786067350443327,0.4286503658695581
240,58,of,oracle rows + RFD directions,0.3155445510602937,0.2985313866650139,1.0566122180665027,0.9543998172547308,0.9032640366407926
240,58,ff,complete RFD,1.1710136209157531,0.7361052921943335,1.5875930752248215,0.6768670466225215,0.4263479459474647
240,58,fixed,fixed-centre comparator,0.4924578911229545,,,,
240,57,ot,oracle rows + true directions,0.2841856896060292,0.2705833715770948,1.049565096947857,0.962696545660143,0.9172337651658494
240,57,oo,oracle rows + oracle-fit directions,0.2835952883205317,0.2703627008410997,1.048375698771995,0.9627585418961008,0.9183335163375294
240,57,ft,RFD rows + true directions,0.7535184435599901,0.6192547258544184,1.214507790352678,0.785190158182697,0.6465089515438083
240,57,of,oracle rows + RFD directions,0.2836868347790994,0.2702339806617533,1.049118581151889,0.9627946799269836,0.9177176891385098
240,57,ff,complete RFD,0.7540525154011706,0.619755429798785,1.2143277828494905,0.7847950096903799,0.6462793825311424
240,57,fixed,fixed-centre comparator,0.4420234212826965,,,,
240,59,ot,oracle rows + true directions,0.2615435074846915,0.254243217241336,1.0285031102522058,0.9671403137532708,0.9403377628251528
240,59,oo,oracle rows + oracle-fit directions,0.262925984382001,0.2558194297959837,1.0274410766383544,0.9667245829805188,0.9409051331133346
240,59,ft,RFD rows + true directions,0.91733750029147,0.7350818303938574,1.2267614039228796,0.6779783939218242,0.552657095139949
240,59,of,oracle rows + RFD directions,0.2608689808893255,0.253953700295754,1.0268833124281072,0.9672163760535152,0.9418951153919258
240,59,ff,complete RFD,0.9190597573150184,0.736188724802337,1.2269553617531443,0.6767763009103589,0.5515899942303868
240,59,fixed,fixed-centre comparator,0.2968877923444266,,,,
240,60,ot,oracle rows + true directions,0.3004794887759597,0.2851962781002367,1.0530788921795622,0.9584691351096148,0.9101589085371052
240,60,oo,oracle rows + oracle-fit directions,0.3004625207283943,0.2851414684538321,1.0532064500929188,0.9584854422306016,0.9100641589747572
240,60,ft,RFD rows + true directions,0.9158988386238532,0.7135932263417708,1.2747165227280028,0.7005602810030999,0.5495812351312751
240,60,of,oracle rows + RFD directions,0.3016664301448613,0.2873341448793224,1.049709263771207,0.9578304073198284,0.9124720914424508
240,60,ff,complete RFD,0.9197983647786754,0.714548768235668,1.2787653025243093,0.6995856329377339,0.5470789921784218
240,60,fixed,fixed-centre comparator,0.3164365616292797,,,,
240,61,ot,oracle rows + true directions,0.2909940298548027,0.2812893761999866,1.0341468959032063,0.9596229920322994,0.9279368297036568
240,61,oo,oracle rows + oracle-fit directions,0.2908270645145961,0.2811471281386391,1.034073505764204,0.959664677030157,0.9280429985689878
240,61,ft,RFD rows + true directions,0.6866648629225663,0.589393935038933,1.1601573137354648,0.8078457707627874,0.6963243356727997
240,61,of,oracle rows + RFD directions,0.2897221684166264,0.2807030569852534,1.0315214262910484,0.959794662310191,0.9304650760006422
240,61,ff,complete RFD,0.6932394695498482,0.5936357387854261,1.1627528295359055,0.8047338750398677,0.6920936716714458
240,61,fixed,fixed-centre comparator,0.4182240300526669,,,,
240,62,ot,oracle rows + true directions,0.2680445704292392,0.2555079122823254,1.047823003101915,0.9668069645803796,0.922681561407127
240,62,oo,oracle rows + oracle-fit directions,0.2697597470017804,0.2574375426816735,1.046894150704758,0.9662949402837736,0.9230111178224408
240,62,ft,RFD rows + true directions,1.0471499942958613,0.7269804243777946,1.4403309074895343,0.6866581846679478,0.476736409041432
240,62,of,oracle rows + RFD directions,0.2690739560059017,0.2569065353323641,1.046435165406393,0.966436253512626,0.9235510096196944
240,62,ff,complete RFD,1.0513672632429536,0.7289570984630224,1.4421837427848347,0.684559382815232,0.4746686309841202
240,62,fixed,fixed-centre comparator,0.3091637767918938,,,,
240,63,ot,oracle rows + true directions,0.2490163330900437,0.2407453591067474,1.0342342565574123,0.9705883123490427,0.9384608044020673
240,63,oo,oracle rows + oracle-fit directions,0.2505732399596328,0.2421381738524435,1.0347092360471457,0.9702417764471928,0.9376950960192112
240,63,ft,RFD rows + true directions,1.0173203629176546,0.8089048123980985,1.2048786229654591,0.587939626559732,0.4879658542805658
240,63,of,oracle rows + RFD directions,0.2503659878061733,0.2429210921798268,1.0306469663714646,0.9700460519862756,0.9412010937183052
240,63,ff,complete RFD,1.0258634053063873,0.8131516439496865,1.2074958376677432,0.5820518911075904,0.4820322132387746
240,63,fixed,fixed-centre comparator,0.340350866693181,,,,
512,0,ot,oracle rows + true directions,0.2665387563831345,0.2588535850744335,1.02945970679287,0.9659165706695962,0.9382752567157452
512,0,oo,oracle rows + oracle-fit directions,0.2664332465948244,0.2588872085533366,1.02886856427365,0.9659075593696642,0.938805589858376
512,0,ft,RFD rows + true directions,0.6477034680839632,0.5633757734485776,1.1457747525753692,0.8262007854578796,0.7210848236975198
512,0,of,oracle rows + RFD directions,0.2662972211832913,0.2589710181342471,1.0279191296650827,0.9658850924237892,0.9396508582717926
512,0,ff,complete RFD,0.6477235200535031,0.5636698594888215,1.1450958473153028,0.826000175244444,0.7213371502315861
512,0,fixed,fixed-centre comparator,0.3782528991342482,,,,
512,1,ot,oracle rows + true directions,0.2589292376034848,0.2496735245653337,1.0369411601333656,0.9683300734414498,0.9338331919594248
512,1,oo,oracle rows + oracle-fit directions,0.2586296761874196,0.2494377679103617,1.0367290284450126,0.9683908301609924,0.934082873722056
512,1,ft,RFD rows + true directions,0.4326063774281095,0.4136651601798558,1.0370364123194304,0.9104290940284004,0.8779142981027437
512,1,of,oracle rows + RFD directions,0.2593793568049659,0.250208515123491,1.0365538766025584,0.9681919742280956,0.9340488671958592
512,1,ff,complete RFD,0.4340347308735019,0.414890140842982,1.037356095426874,0.9098715134739026,0.8771062487462309
512,1,fixed,fixed-centre comparator,0.2702588582387477,,,,
512,2,ot,oracle rows + true directions,0.2591018612300304,0.2504783975671284,1.0344120586036527,0.9681221887510912,0.9359154127204922
512,2,oo,oracle rows + oracle-fit directions,0.2594195615076626,0.2508096703872747,1.0343162664879693,0.9680364193769916,0.9359191678034502
512,2,ft,RFD rows + true directions,0.6091558690418174,0.5638021777564085,1.0565567313055289,0.8259098645476586,0.7816994961805098
512,2,of,oracle rows + RFD directions,0.2597786425581736,0.2512890762384035,1.0337812205024877,0.9679120828687128,0.9362832905769388
512,2,ff,complete RFD,0.6106814248691,0.5650260835426282,1.056756722209971,0.8250730421704973,0.7807596817979459
512,2,fixed,fixed-centre comparator,0.3657892928435876,,,,
512,3,ot,oracle rows + true directions,0.2843960356602476,0.2727516056491964,1.0426305411539496,0.9620844877742212,0.9227472722115132
512,3,oo,oracle rows + oracle-fit directions,0.2823644943879872,0.2709733895241114,1.0419790919217833,0.9625868387682298,0.923806289618417
512,3,ft,RFD rows + true directions,0.7873066753515756,0.6904266270407554,1.101771128662373,0.723402427887221,0.6565813979582873
512,3,of,oracle rows + RFD directions,0.2825775200707255,0.2713381283392123,1.0413870346882672,0.9624840882369812,0.9242328319605928
512,3,ff,complete RFD,0.7872284358385984,0.6904878422289599,1.101438100148105,0.7233439982014056,0.6567268719904832
512,3,fixed,fixed-centre comparator,0.4202079606803872,,,,
512,4,ot,oracle rows + true directions,0.2554712907955033,0.2478607894062111,1.030687576945738,0.9687956590917044,0.9399508452042864
512,4,oo,oracle rows + oracle-fit directions,0.2564633003489482,0.2487840904528324,1.0308478183830525,0.9685589689521013,0.9395751261047868
512,4,ft,RFD rows + true directions,0.8936596518387749,0.7061774176223877,1.2557036460585156,0.7080349248731845,0.5638551158910865
512,4,of,oracle rows + RFD directions,0.2567089061979345,0.2493140396514558,1.0295943529777198,0.9684226916138802,0.9405866386243054
512,4,ff,complete RFD,0.8967591305875798,0.7079023085583728,1.2568112749941531,0.7063103578015308,0.5619860132181076
512,4,fixed,fixed-centre comparator,0.3820651520288743,,,,
512,5,ot,oracle rows + true directions,0.2790851421587145,0.2639039578629345,1.0553411295337387,0.964548962481573,0.9139688916584928
512,5,oo,oracle rows + oracle-fit directions,0.2798094903464729,0.2645621226898364,1.0554742655999134,0.964368644885268,0.9136827645315798
512,5,ft,RFD rows + true directions,0.626928178793673,0.5761343388064375,1.064555674286976,0.8173550168978406,0.7677898269109252
512,5,of,oracle rows + RFD directions,0.280256628380068,0.2650848757705107,1.0551854380753791,0.9642250819376836,0.9137968049449166
512,5,ff,complete RFD,0.6283768707115444,0.5771060144626282,1.065277646678468,0.8166692403115602,0.7666257175844551
512,5,fixed,fixed-centre comparator,0.4025769559072109,,,,
512,6,ot,oracle rows + true directions,0.2620964123025102,0.2547593067145099,1.0285855402181363,0.967004496185174,0.9401303619143796
512,6,oo,oracle rows + oracle-fit directions,0.2627125069714209,0.2553186046967319,1.028746161569665,0.9668569749946028,0.939840177405249
512,6,ft,RFD rows + true directions,0.5658597607238048,0.4940331006352057,1.145357147367444,0.8694430950193147,0.7591021691510754
512,6,of,oracle rows + RFD directions,0.2619112936767654,0.2547564413250425,1.027805591194397,0.9670052510733332,0.940844513162836
512,6,ff,complete RFD,0.5676796057542708,0.4953390389420138,1.146007097858332,0.868699738977745,0.7580230005566098
512,6,fixed,fixed-centre comparator,0.4111842259889899,,,,
512,7,ot,oracle rows + true directions,0.2795882356973477,0.2705296242506088,1.0333041711526827,0.9627116507048328,0.9316827296176482
512,7,oo,oracle rows + oracle-fit directions,0.2795211769474375,0.2705051417867509,1.0331390997800267,0.962718530135849,0.9318382494098116
512,7,ft,RFD rows + true directions,0.6388080569114882,0.5670680068167572,1.1177961344638982,0.8236709753565863,0.7368704810843026
512,7,of,oracle rows + RFD directions,0.279701135229591,0.270598847591029,1.033466405216266,0.9626921957107616,0.9315176486160728
512,7,ff,complete RFD,0.6389947830968171,0.567121171932115,1.118062475814296,0.823634370546995,0.7366622065972956
512,7,fixed,fixed-centre comparator,0.4144616329228449,,,,
512,8,ot,oracle rows + true directions,0.2811318007871543,0.2697056984337509,1.042277065354989,0.96294280008335,0.9238837081725302
512,8,oo,oracle rows + oracle-fit directions,0.2809998275638777,0.2696024027999482,1.0421894477561242,0.9629717256516384,0.923989134341127
512,8,ft,RFD rows + true directions,0.7551272487626641,0.6483467089230303,1.1484675616015034,0.7613452206644994,0.6629227033655408
512,8,of,oracle rows + RFD directions,0.2807922545594136,0.2695620943423901,1.041599595358892,0.9629830098676426,0.9245232180949904
512,8,ff,complete RFD,0.7557768175823587,0.6487087270833215,1.1488196946742255,0.761036784528801,0.662451025219071
512,8,fixed,fixed-centre comparator,0.4294043063546408,,,,
512,9,ot,oracle rows + true directions,0.2644465424330464,0.2541055935201775,1.0404043533820535,0.9671764820040644,0.9296159506254018
512,9,oo,oracle rows + oracle-fit directions,0.2637956839825177,0.253535110318171,1.0401829670957197,0.9673261848187265,0.929957724187298
512,9,ft,RFD rows + true directions,0.7163410178039035,0.6222681546693074,1.1376658137316402,0.782804154105262,0.6880791746194765
512,9,of,oracle rows + RFD directions,0.2637925392804254,0.2536640101812007,1.039687651464267,0.9672923911304128,0.9303682598981584
512,9,ff,complete RFD,0.7169926472029868,0.6228464451545583,1.137507117063952,0.7823441095568686,0.6877707381525634
512,9,fixed,fixed-centre comparator,0.4248122756014496,,,,
512,10,ot,oracle rows + true directions,0.2546091795649701,0.2463240443948986,1.033610346315344,0.9691875283725746,0.9376720461705652
512,10,oo,oracle rows + oracle-fit directions,0.2544586814106364,0.2461443271048616,1.0337482297640923,0.96923318671726,0.9375911453202148
512,10,ft,RFD rows + true directions,0.4896228014583105,0.4492257515936458,1.088166096536119,0.8934182805971257,0.8210311674303028
512,10,of,oracle rows + RFD directions,0.2555426941492345,0.2473595647595346,1.0330744715589082,0.9689237564029348,0.9379031067729608
512,10,ff,complete RFD,0.493256762181976,0.4520910074383149,1.089243087431755,0.891971816255093,0.8188914178543992
512,10,fixed,fixed-centre comparator,0.3915672016206378,,,,
512,11,ot,oracle rows + true directions,0.2681647627362331,0.2566394899913239,1.0442793834237667,0.9665072023409828,0.9255255036944224
512,11,oo,oracle rows + oracle-fit directions,0.2696329558584882,0.2580035843842367,1.0444771027227715,0.9661439594826882,0.9250025270674842
512,11,ft,RFD rows + true directions,0.6787472370744643,0.5791630933273604,1.1691437855963505,0.815211697246478,0.6972724033517049
512,11,of,oracle rows + RFD directions,0.2697460027267118,0.2582841220704329,1.0438650039791155,0.9660689997543166,0.9254731177611586
512,11,ff,complete RFD,0.6810072022291392,0.5809322425675888,1.1693229087944863,0.8139519209052783,0.6960882360069571
512,11,fixed,fixed-centre comparator,0.4360194056024623,,,,
512,12,ot,oracle rows + true directions,0.2992084091749499,0.2880401223027224,1.038603278753876,0.9576183414825724,0.9220251476882784
512,12,oo,oracle rows + oracle-fit directions,0.2990059805190923,0.2878319096001625,1.0386585230778842,0.9576809446866552,0.922036380011338
512,12,ft,RFD rows + true directions,0.7814357926460328,0.6499947445465856,1.1936998468848752,0.7599387028318922,0.6366246128078659
512,12,of,oracle rows + RFD directions,0.2996196153347284,0.288495018468917,1.0383673543944143,0.9574813963302992,0.9221027532098324
512,12,ff,complete RFD,0.7833067082130054,0.6510638352528769,1.1945517167758808,0.7590229788522973,0.6354040333229906
512,12,fixed,fixed-centre comparator,0.443193301696744,,,,
512,14,ot,oracle rows + true directions,0.2919680193044761,0.2812152567904851,1.038151425993946,0.9596447151671612,0.9243783624805784
512,14,oo,oracle rows + oracle-fit directions,0.290645363807776,0.2802077057069704,1.0371298680674637,0.9599393947861689,0.9255729917169118
512,14,ft,RFD rows + true directions,0.7646553027223153,0.6435957504419482,1.1782605581901815,0.7653656054547172,0.649572456732597
512,14,of,oracle rows + RFD directions,0.2932553206853566,0.2833392643282416,1.034634185492299,0.9590197397811636,0.9269167336906076
512,14,ff,complete RFD,0.7715024663315135,0.6484152080250984,1.1793464163600476,0.7612868828515098,0.645515916520234
512,14,fixed,fixed-centre comparator,0.4379225915947862,,,,
512,15,ot,oracle rows + true directions,0.2807455807615983,0.272474259473958,1.029808168627808,0.962163072417622,0.9343129154818016
512,15,oo,oracle rows + oracle-fit directions,0.2802312837942388,0.27200641775691,1.029690400906847,0.96229543732632,0.9345483229510808
512,15,ft,RFD rows + true directions,0.565144009128735,0.4973822043637474,1.1358572460414098,0.867531522644716,0.7637680929255511
512,15,of,oracle rows + RFD directions,0.2798446809460895,0.272012078669457,1.0280393656256646,0.9622938371713295,0.93604765473711
512,15,ff,complete RFD,0.5669498896918994,0.4989896072246468,1.1357576472222493,0.8666079689697025,0.7630219097262406
512,15,fixed,fixed-centre comparator,0.4592231608948071,,,,
512,13,ot,oracle rows + true directions,0.2886575506877445,0.2768860331528657,1.042495082573173,0.9609027654476128,0.921733619189678
512,13,oo,oracle rows + oracle-fit directions,0.2874166698135464,0.2758660568874826,1.0418574831409786,0.9611960875166692,0.9225792424304208
512,13,ft,RFD rows + true directions,0.6826128970536139,0.5844391604227119,1.1641289477431351,0.8114375316463955,0.6970340641554421
512,13,of,oracle rows + RFD directions,0.2858582489400561,0.2749524416123665,1.0396632838490496,0.9614578279110312,0.9247780919525356
512,13,ff,complete RFD,0.6842431299471657,0.5859069826218957,1.1637926131060232,0.8103783114785992,0.6963253610244152
512,13,fixed,fixed-centre comparator,0.3819408080565151,,,,
512,16,ot,oracle rows + true directions,0.3098545675049155,0.2974096141895812,1.0416831389508212,0.954749978469549,0.9165454856369942
512,16,oo,oracle rows + oracle-fit directions,0.3086803795726848,0.2963553416733234,1.0414321850831758,0.9550777515269044,0.9170810785443756
512,16,ft,RFD rows + true directions,0.8735329199480871,0.6703526720369634,1.302120374815552,0.7420426504540715,0.5698725438953239
512,16,of,oracle rows + RFD directions,0.3078909142790083,0.2960166625691751,1.0398642413237458,0.955182775955161,0.9185648837575322
512,16,ff,complete RFD,0.8761226684296596,0.6717941731247835,1.3031287631880932,0.7407378679098215,0.5684302954817856
512,16,fixed,fixed-centre comparator,0.4210611661203089,,,,
512,17,ot,oracle rows + true directions,0.2926543662268526,0.2790555490966865,1.048448531706564,0.9602749608931532,0.9159009067713696
512,17,oo,oracle rows + oracle-fit directions,0.2917721630984576,0.2783251710617575,1.0480431424745986,0.9604869073305704,0.9164574132537198
512,17,ft,RFD rows + true directions,0.7798307369107491,0.6520731983692961,1.185866808293813,0.7581560155854707,0.6393264490438696
512,17,of,oracle rows + RFD directions,0.292645395636814,0.2793420511238809,1.0474232228963023,0.9601916571569984,0.9167179380479136
512,17,ff,complete RFD,0.7810884610190176,0.6528314562313424,1.1863508058208572,0.7575031945509303,0.6385153454056116
512,17,fixed,fixed-centre comparator,0.4091926292301789,,,,
512,20,ot,oracle rows + true directions,0.3004233524511396,0.289158416020045,1.0387772790255652,0.957281259842048,0.9215462054965572
512,20,oo,oracle rows + oracle-fit directions,0.2994970188020867,0.2883777917641367,1.038366653898928,0.9575167096282132,0.9221373837775568
512,20,ft,RFD rows + true directions,0.762496686298582,0.6776543720107358,1.0849313304732404,0.735380549168072,0.6778129901062987
512,20,of,oracle rows + RFD directions,0.3001589014747712,0.2890420978426899,1.0382486542461489,0.9573163874470638,0.9220492446890304
512,20,ff,complete RFD,0.7635735506394566,0.678461440712133,1.084971054916831,0.73463601427293,0.6771019475070181
512,20,fixed,fixed-centre comparator,0.4451809707568436,,,,
512,18,ot,oracle rows + true directions,0.3103640036825396,0.297257606493055,1.044037050609382,0.9547973163881536,0.9145243608269064
512,18,oo,oracle rows + oracle-fit directions,0.3101751575373859,0.297134081548415,1.0438299551773462,0.9548357647168332,0.9147426359828954
512,18,ft,RFD rows + true directions,0.8561949395538336,0.6570185847584636,1.3028701474511402,0.7538743789796716,0.5786258749227678
512,18,of,oracle rows + RFD directions,0.3085628859594619,0.2963058898164864,1.0411969521175932,0.9550930947609558,0.9173030067159544
512,18,ff,complete RFD,0.8596786696675583,0.6593663222287857,1.3034407747025596,0.7518218227149868,0.5767978394619041
512,18,fixed,fixed-centre comparator,0.4485880911371832,,,,
512,22,ot,oracle rows + true directions,0.2483760385834458,0.2403846181632229,1.0331748546894282,0.9706777196116751,0.93950962434472
512,22,oo,oracle rows + oracle-fit directions,0.2487965548442427,0.2407344103079061,1.0334135510305753,0.9705910280307072,0.939208729228276
512,22,ft,RFD rows + true directions,0.8350782886359571,0.6150919523600533,1.3532718467220437,0.7884553824674533,0.5826289702082296
512,22,of,oracle rows + RFD directions,0.2494356302547162,0.2414185330145586,1.0331524661819875,0.97042109000016,0.9392815888891488
512,22,ff,complete RFD,0.8362399977690527,0.6158234891742376,1.3536215108277934,0.7878841476900444,0.5820564621555269
512,22,fixed,fixed-centre comparator,0.2637944323280003,,,,
512,19,ot,oracle rows + true directions,0.2904917538749853,0.2801476620324492,1.0367862533515249,0.9599569195842867,0.9258966508102526
512,19,oo,oracle rows + oracle-fit directions,0.2906252321915464,0.2803483178684597,1.0365002071958398,0.9598983387152648,0.9260956554096456
512,19,ft,RFD rows + true directions,0.718147264674814,0.6127512401414584,1.1648041010134105,0.7902758491217511,0.6784624542738046
512,19,of,oracle rows + RFD directions,0.2911117294020445,0.2810167994614583,1.035700200395898,0.9597028490217366,0.926622249039721
512,19,ff,complete RFD,0.7197784850914009,0.6140290956462393,1.164848746876861,0.7892833899809758,0.6775844435572999
512,19,fixed,fixed-centre comparator,0.4381702021311506,,,,
512,21,ot,oracle rows + true directions,0.2855995351493962,0.275765097101275,1.0355265090505257,0.9612250575285296,0.9282476586812604
512,21,oo,oracle rows + oracle-fit directions,0.2863939573981079,0.2765328612120543,1.0355100024463726,0.9610044623569004,0.9280494250046312
512,21,ft,RFD rows + true directions,0.7848787192894003,0.6392702737773267,1.2243590305284844,0.7689821305236306,0.6280691458547952
512,21,of,oracle rows + RFD directions,0.2855839937428808,0.2759775790365809,1.0346119688200222,0.9611640733345728,0.92900923467064
512,21,ff,complete RFD,0.7862666868514113,0.6402506042177976,1.2245589905865908,0.7681661043021524,0.6273002037526864
512,21,fixed,fixed-centre comparator,0.3687854771767183,,,,
512,23,ot,oracle rows + true directions,0.2640054003152726,0.2551835652835529,1.034569795344869,0.966892624860266,0.9345842389859804
512,23,oo,oracle rows + oracle-fit directions,0.2635294460217781,0.2548065357148001,1.0342333958893124,0.9669920523753144,0.9349843625420942
512,23,ft,RFD rows + true directions,0.6624996058491784,0.6258957320794433,0.9970708782715302,0.7799067460695144,0.7821978989312374
512,23,of,oracle rows + RFD directions,0.2626487383933169,0.2541114790193993,1.0335956855383936,0.9671749356918704,0.9357381703737232
512,23,ff,complete RFD,0.6625734486935541,0.6261291308265826,0.9964355225441756,0.7797193799889471,0.7825086143036211
512,23,fixed,fixed-centre comparator,0.3623736158450339,,,,
512,24,ot,oracle rows + true directions,0.3087267060526644,0.2959913104291524,1.0429478154321432,0.9551906323611185,0.9158565924655944
512,24,oo,oracle rows + oracle-fit directions,0.3088242330345896,0.2961362986389331,1.042756761555688,0.9551456918336764,0.915981297890311
512,24,ft,RFD rows + true directions,0.5842337681399847,0.504069148785704,1.1590332175849722,0.8636632985385311,0.745158365985497
512,24,of,oracle rows + RFD directions,0.3073306917563493,0.2949979721513818,1.0416857580243457,0.955497878818458,0.9172611523754044
512,24,ff,complete RFD,0.585383794291061,0.5051484545513238,1.1588351468451876,0.8630324668657657,0.7447413630966276
512,24,fixed,fixed-centre comparator,0.4611597789454519,,,,
512,25,ot,oracle rows + true directions,0.2734447081550794,0.2657951847451034,1.0282551260549984,0.964029522248316,0.9375392330373394
512,25,oo,oracle rows + oracle-fit directions,0.2738344847187768,0.2661690928698003,1.028264048184064,0.9639263529963624,0.9374307646938318
512,25,ft,RFD rows + true directions,0.7471762494517402,0.621153251982473,1.1989492621895024,0.7836891204754588,0.6536466097358431
512,25,of,oracle rows + RFD directions,0.2734131450159212,0.2663337885937047,1.0256955910175982,0.9638808604040874,0.9397338438861924
512,25,ff,complete RFD,0.7525750744383854,0.624769065764097,1.2003722866177042,0.78080958912161,0.6504728556518925
512,25,fixed,fixed-centre comparator,0.3382764983011242,,,,
512,28,ot,oracle rows + true directions,0.2644035728773614,0.2511858563360521,1.0504913729236336,0.967938874917587,0.9214153489178174
512,28,oo,oracle rows + oracle-fit directions,0.2656598454511208,0.2524141563901965,1.050457973108828,0.967619291691637,0.921140413478866
512,28,ft,RFD rows + true directions,0.9620848398695988,0.7526084444720786,1.2577910787904252,0.6584683206573556,0.5235116799290562
512,28,of,oracle rows + RFD directions,0.2645464746710328,0.2516803648368274,1.0493078429317246,0.967810412196315,0.9223322009033031
512,28,ff,complete RFD,0.963095383348933,0.7529074796836566,1.258695310171692,0.6581263761895614,0.5228639297144834
512,28,fixed,fixed-centre comparator,0.3724100384316774,,,,
512,27,ot,oracle rows + true directions,0.2825974169525644,0.2715500102301694,1.040666850990546,0.9624243305029208,0.9248150160513416
512,27,oo,oracle rows + oracle-fit directions,0.2820115540311609,0.2711359160714056,1.0401028641490329,0.9625410718593364,0.925428729250588
512,27,ft,RFD rows + true directions,0.7033486976292855,0.5769170194350015,1.2191286789823954,0.8168027624134448,0.6699889654759238
512,27,of,oracle rows + RFD directions,0.2811875662092034,0.2703737202042954,1.0399856151292577,0.9627554473607978,0.9257391961533415
512,27,ff,complete RFD,0.703428678008992,0.5770643211047533,1.218953191206939,0.8166987016690493,0.6700000521434296
512,27,fixed,fixed-centre comparator,0.390493340683776,,,,
512,26,ot,oracle rows + true directions,0.2774988172803267,0.271166428619892,1.0214761916988748,0.9625324763297772,0.9422955563251404
512,26,oo,oracle rows + oracle-fit directions,0.2770571708931146,0.2708020288953736,1.021175108135409,0.9626350612491472,0.9426738407351588
512,26,ft,RFD rows + true directions,0.6407326767964049,0.5855159868917844,1.0708711440754386,0.8106608594807942,0.7570106487281408
512,26,of,oracle rows + RFD directions,0.2778049172661688,0.2715039995559785,1.0212688528825762,0.9624373113222012,0.9423936788101188
512,26,ff,complete RFD,0.6414798292291128,0.5858888201984713,1.0716014380351553,0.8103914426784401,0.7562433325624693
512,26,fixed,fixed-centre comparator,0.3526471114610006,,,,
512,29,ot,oracle rows + true directions,0.2643429059673243,0.2552551117899085,1.0355905483902097,0.9668737393812706,0.9336448086400972
512,29,oo,oracle rows + oracle-fit directions,0.2647859510808605,0.255735963176506,1.0353813299316998,0.9667466664737896,0.9337107387647816
512,29,ft,RFD rows + true directions,0.761030356361538,0.6724708658304521,1.096424222705479,0.7401235941444118,0.6750339684379842
512,29,of,oracle rows + RFD directions,0.2637104972307462,0.2550973396126664,1.0337627684552284,0.966915377539596,0.935335849814437
512,29,ff,complete RFD,0.7628528596147373,0.6738003935689881,1.0965969518196532,0.738913411453789,0.6738240610897769
512,29,fixed,fixed-centre comparator,0.3921692757538107,,,,
512,31,ot,oracle rows + true directions,0.2734181851221885,0.2642271826563744,1.034756271703946,0.9644604688350245,0.932065352207854
512,31,oo,oracle rows + oracle-fit directions,0.2737998105044424,0.2646260209210202,1.0346320156479525,0.9643511129518688,0.9320715948925384
512,31,ft,RFD rows + true directions,0.6337591938324794,0.5414365101852845,1.1701308038886409,0.840741640123992,0.7185022711392564
512,31,of,oracle rows + RFD directions,0.2745714104838532,0.2655832553116665,1.0337657154759206,0.9640879288208406,0.9325980871565258
512,31,ff,complete RFD,0.6379604658587351,0.544353699902794,1.1715307222547335,0.8388557977400758,0.7160339731642804
512,31,fixed,fixed-centre comparator,0.3866038859827175,,,,
512,30,ot,oracle rows + true directions,0.2815109969100807,0.2703505832901606,1.0412412635813233,0.9627619446751464,0.9246290733463164
512,30,oo,oracle rows + oracle-fit directions,0.2815935962270673,0.2705969673899154,1.040617268962391,0.9626927242061096,0.9251169982658652
512,30,ft,RFD rows + true directions,0.4827915819939698,0.4299882159852513,1.1223745776415148,0.90283449984691,0.8043967832415345
512,30,of,oracle rows + RFD directions,0.2821858457883713,0.2713377099396389,1.0399741973370635,0.9624842061897496,0.9254885444795328
512,30,ff,complete RFD,0.4845592722732359,0.4316683176520255,1.1221690735147358,0.9020324071425982,0.8038293234346142
512,30,fixed,fixed-centre comparator,0.2987893617718866,,,,
512,32,ot,oracle rows + true directions,0.2635710436002468,0.2544527933214311,1.0358127084711264,0.9670851958183008,0.933648706864904
512,32,oo,oracle rows + oracle-fit directions,0.2632371820473094,0.2543114939987893,1.0350891045903858,0.9671223624857944,0.934337303133446
512,32,ft,RFD rows + true directions,0.7704868760009461,0.6322101600518764,1.2152062363484926,0.774796949869565,0.6375847380422522
512,32,of,oracle rows + RFD directions,0.2632096616325734,0.2542200422982539,1.035348283042983,0.9671464057183248,0.9341266330937384
512,32,ff,complete RFD,0.7709650113966466,0.6326215664443794,1.2151162698503124,0.7744610730498078,0.6373555290681873
512,32,fixed,fixed-centre comparator,0.2748056155570333,,,,
512,33,ot,oracle rows + true directions,0.2741834172855742,0.2661964819601361,1.0296149029532398,0.9639187896249594,0.936193509690036
512,33,oo,oracle rows + oracle-fit directions,0.274440724953965,0.2664083268101089,1.029771678564774,0.963860261348209,0.9359941445384984
512,33,ft,RFD rows + true directions,0.7383336790157466,0.6195507482180844,1.1865702144061834,0.7849566041396245,0.6615340538717759
512,33,of,oracle rows + RFD directions,0.2741402911490005,0.2664505326085175,1.0283234961353562,0.9638485947868768,0.9373009548154944
512,33,ff,complete RFD,0.7411376081136342,0.6212841251971187,1.187678171032803,0.7835853723609513,0.6597623762669197
512,33,fixed,fixed-centre comparator,0.3979598341020908,,,,
512,35,ot,oracle rows + true directions,0.2812399012224436,0.2707849364525926,1.0386096017444937,0.9626398694165776,0.9268543905233364
512,35,oo,oracle rows + oracle-fit directions,0.2810102037406051,0.2706513051590543,1.0382724596683135,0.962677449105203,0.9271915479803248
512,35,ft,RFD rows + true directions,0.6795247592640697,0.6033237431187699,1.110153306219033,0.7974963705178582,0.7183659824731562
512,35,of,oracle rows + RFD directions,0.2811315705967132,0.2709159472474006,1.037699675019757,0.9626030072293787,0.9276315974668222
512,35,ff,complete RFD,0.6813248807121212,0.6046550922419948,1.1104871272182009,0.7964874257801092,0.7172414756173995
512,35,fixed,fixed-centre comparator,0.3820637731340805,,,,
512,34,ot,oracle rows + true directions,0.2994862428822623,0.2876597435052519,1.0410626289476883,0.957732672496085,0.919956826674459
512,34,oo,oracle rows + oracle-fit directions,0.3010524932575179,0.2892653510571379,1.0406645406166584,0.9572489522991346,0.9198439217808894
512,34,ft,RFD rows + true directions,0.9321653093796998,0.7059466452753772,1.3170108570624897,0.708265016801226,0.537782215691803
512,34,of,oracle rows + RFD directions,0.3006550654906861,0.2890444679976078,1.0400608464579386,0.9573156718240752,0.9204419867206202
512,34,ff,complete RFD,0.935077626329917,0.7077682035806366,1.3175374798361863,0.7064447395233675,0.5361856875686011
512,34,fixed,fixed-centre comparator,0.453650182354909,,,,
512,36,ot,oracle rows + true directions,0.2696469302909712,0.2590849417773002,1.0405837846015542,0.9658545402617584,0.928185269225188
512,36,oo,oracle rows + oracle-fit directions,0.2697336423313027,0.2591210822954873,1.0407614821565472,0.9658448450501848,0.9280174772118498
512,36,ft,RFD rows + true directions,0.8386118528832023,0.6381424539377549,1.3140176128798682,0.7699183128633197,0.5859269353140003
512,36,of,oracle rows + RFD directions,0.2703675530203074,0.2598076735528456,1.0404840844120913,0.965660381688644,0.928087604755891
512,36,ff,complete RFD,0.8403584971526898,0.6388823304318263,1.3152273325104726,0.769304470194993,0.5849212916876994
512,36,fixed,fixed-centre comparator,0.3878605886392667,,,,
512,37,ot,oracle rows + true directions,0.2831997447712856,0.27409389878005,1.032939372659144,0.9617029347212952,0.9310352186939478
512,37,oo,oracle rows + oracle-fit directions,0.2827213568753638,0.2737852849207261,1.0323102219946088,0.961790838883838,0.9316877992600764
512,37,ft,RFD rows + true directions,0.6557692339937762,0.5975777628715974,1.071874112173694,0.801810961088321,0.7480458311119188
512,37,of,oracle rows + RFD directions,0.2843931669358057,0.2758353163540399,1.030446166467277,0.961204909606618,0.9328045859027828
512,37,ff,complete RFD,0.658593768729723,0.5999467273859485,1.0717193151096145,0.8000399516892207,0.7465013837204133
512,37,fixed,fixed-centre comparator,0.4186224070408066,,,,
512,39,ot,oracle rows + true directions,0.2855509891800583,0.270704773287768,1.0535375666360725,0.9626624152418222,0.9137428466984684
512,39,oo,oracle rows + oracle-fit directions,0.286417438316516,0.2714197508715271,1.053928378521514,0.9624610739332988,0.91321297874479
512,39,ft,RFD rows + true directions,0.7822496210098892,0.6496320469494897,1.1960155420438,0.7602487774250061,0.6356512525964855
512,39,of,oracle rows + RFD directions,0.2864180989925916,0.27168907126063,1.053051372448668,0.9623850832995784,0.913901361774723
512,39,ff,complete RFD,0.7844785832113352,0.6508889134733128,1.1970659747886367,0.7591729857664397,0.6341947743527544
512,39,fixed,fixed-centre comparator,0.4617718349843228,,,,
512,38,ot,oracle rows + true directions,0.2812386109225552,0.2691258740875757,1.044753160476575,0.963105011873886,0.9218493404074084
512,38,oo,oracle rows + oracle-fit directions,0.2824963846203322,0.2702028286973246,1.0452330213826824,0.9628034230121764,0.9211375868498066
512,38,ft,RFD rows + true directions,0.7619309771939786,0.6436593369723571,1.1730393338878198,0.7653121310473953,0.6524181320594862
512,38,of,oracle rows + RFD directions,0.2825964819816411,0.2711572655433102,1.042124686263708,0.9625350577215744,0.9236275374806796
512,38,ff,complete RFD,0.7684955776928298,0.6482036171147786,1.1742836255646072,0.7614670516570742,0.6484524139480812
512,38,fixed,fixed-centre comparator,0.3885559818203412,,,,
512,41,ot,oracle rows + true directions,0.2772049687490089,0.2683499738160212,1.0328260664015545,0.9633214891991878,0.9327044703233274
512,41,oo,oracle rows + oracle-fit directions,0.2775521385747254,0.2686291709513158,1.0330545444646375,0.9632436703731873,0.9324228575678656
512,41,ft,RFD rows + true directions,0.6348104077668246,0.5599076065392803,1.127700042274773,0.8285550507597276,0.7347299988464872
512,41,of,oracle rows + RFD directions,0.2788034717085872,0.2700375874229347,1.0322117104663349,0.9628497813152376,0.932802613603598
512,41,ff,complete RFD,0.637639573427623,0.5619543286471969,1.1284846367598047,0.8271682613076241,0.7329902724087196
512,41,fixed,fixed-centre comparator,0.4561883021662169,,,,
512,40,ot,oracle rows + true directions,0.288442332954228,0.2767104486958712,1.0423800403181138,0.9609533430830706,0.9218838676053378
512,40,oo,oracle rows + oracle-fit directions,0.2889094253216809,0.2771916068698873,1.0422607729086486,0.9608146611500524,0.9218563013445248
512,40,ft,RFD rows + true directions,0.8258234780394519,0.6879746125268782,1.182544724330891,0.7257347535556581,0.6137059669910533
512,40,of,oracle rows + RFD directions,0.2889545948956878,0.2776618006120488,1.0406706518153748,0.960678887287982,0.9231344091544686
512,40,ff,complete RFD,0.828906028745821,0.6900788088339693,1.1829470818569836,0.7237342313296298,0.6118060921148865
512,40,fixed,fixed-centre comparator,0.4238117686019799,,,,
512,42,ot,oracle rows + true directions,0.2902503245165108,0.2811769293260819,1.031661399097709,0.9596559458549484,0.930204373929531
512,42,oo,oracle rows + oracle-fit directions,0.2898454843731706,0.2808629750751015,1.031346719027649,0.9597478779512684,0.9305773317979004
512,42,ft,RFD rows + true directions,0.6424862121844352,0.5624321090436875,1.137421407281752,0.8268434692955312,0.7269455841098943
512,42,of,oracle rows + RFD directions,0.2897393842324035,0.2809549434646451,1.0305251295151234,0.9597209593120172,0.9312931163198124
512,42,ff,complete RFD,0.6440883141534721,0.5639144669137965,1.137040896486847,0.8258331998686714,0.7263003489322818
512,42,fixed,fixed-centre comparator,0.4184187621531955,,,,
512,45,ot,oracle rows + true directions,0.275836159788481,0.2653909759834473,1.039328754003093,0.9641408765665695,0.9276572719200455
512,45,oo,oracle rows + oracle-fit directions,0.2754691155390869,0.2651376235843583,1.0389452708674705,0.96421057895049,0.9280667673143356
512,45,ft,RFD rows + true directions,0.6630932406318446,0.5831300936218482,1.1280557418419248,0.812378787212329,0.7201583725692948
512,45,of,oracle rows + RFD directions,0.2749906624192397,0.2647445536518407,1.038683797290876,0.9643185787444356,0.9284043722060534
512,45,ff,complete RFD,0.6633038240590802,0.5833360694791611,1.127969702117835,0.8122308970019569,0.7200821932335076
512,45,fixed,fixed-centre comparator,0.4315744729920153,,,,
512,43,ot,oracle rows + true directions,0.2780483087151857,0.2673286799712751,1.0400661064717416,0.9636054051658364,0.926484767814148
512,43,oo,oracle rows + oracle-fit directions,0.2788091835174954,0.2681071864328704,1.0398946272255192,0.963389088885197,0.926429528206678
512,43,ft,RFD rows + true directions,0.7178557179103652,0.6010214983760437,1.191775835064724,0.7992328562376645,0.6706234786127033
512,43,of,oracle rows + RFD directions,0.2786369602245703,0.26819025153616,1.0389473455843012,0.9633659683531338,0.9272519656049936
512,43,ff,complete RFD,0.7190870965286357,0.6019283231602912,1.1919564569938126,0.7985501197654661,0.6699490699345331
512,43,fixed,fixed-centre comparator,0.4160795347214572,,,,
512,44,ot,oracle rows + true directions,0.2664857390363295,0.2606098746691063,1.0210961698945162,0.965444194775106,0.9454978122920984
512,44,oo,oracle rows + oracle-fit directions,0.2668856372723772,0.2610787905486004,1.0206872380825942,0.965317494467846,0.9457524875898689
512,44,ft,RFD rows + true directions,0.5809480365415426,0.533220006267091,1.0765780977358526,0.8459766101474221,0.7858014313374873
512,44,of,oracle rows + RFD directions,0.2666500227107706,0.2608318557998569,1.0207826001691829,0.9653842462978164,0.9457295276563442
512,44,ff,complete RFD,0.5813087155434421,0.5335509627534932,1.0765127828314116,0.8457679174246445,0.7856552480502195
512,44,fixed,fixed-centre comparator,0.4031871157992598,,,,
512,46,ot,oracle rows + true directions,0.3021540263617904,0.2930842492014612,1.0295623190939562,0.9560866189158884,0.9286340430147756
512,46,oo,oracle rows + oracle-fit directions,0.3005209368788822,0.2916329791859448,1.029077100365464,0.9565302951036784,0.9295030418653556
512,46,ft,RFD rows + true directions,0.8526301416103695,0.668285395782331,1.2734073838200386,0.7439049870676047,0.5841846030733675
512,46,of,oracle rows + RFD directions,0.3010982410107853,0.2922523994815825,1.0287890369856385,0.9563412230983548,0.9295795238064004
512,46,ff,complete RFD,0.8541350387544734,0.6690572330665975,1.2741619965050286,0.743210884528253,0.5832938720247884
512,46,fixed,fixed-centre comparator,0.4369168058910999,,,,
512,47,ot,oracle rows + true directions,0.2871839209637835,0.2739127414699092,1.0480471576040542,0.961754547720175,0.9176634283507308
512,47,oo,oracle rows + oracle-fit directions,0.2873491551958282,0.2740820118167733,1.0480115239411063,0.9617063225322324,0.9176486141256172
512,47,ft,RFD rows + true directions,0.986484963581125,0.7191377594399176,1.3701404119192269,0.6948675290641627,0.5071505978652405
512,47,of,oracle rows + RFD directions,0.2877516260275083,0.2746756467116249,1.047294082991199,0.9615369411018748,0.9181155099774924
512,47,ff,complete RFD,0.9890180687165038,0.7205214534449949,1.3709321485435066,0.6934326464232211,0.5058110623198466
512,47,fixed,fixed-centre comparator,0.440015682614607,,,,
512,48,ot,oracle rows + true directions,0.2502307398217113,0.2422835978186593,1.032768091838062,0.970205472169708,0.939422392923654
512,48,oo,oracle rows + oracle-fit directions,0.2504023265155927,0.2424628002680388,1.0327156042053556,0.9701607034332927,0.9394267884426932
512,48,ft,RFD rows + true directions,0.6747894344605773,0.5719746597852928,1.1783016925443417,0.8202712896130758,0.6961470859316514
512,48,of,oracle rows + RFD directions,0.249272328796945,0.2416738035854155,1.0314350943768231,0.9703575488759584,0.9407839176368468
512,48,ff,complete RFD,0.6777260170917896,0.5740644439555584,1.1790358396821108,0.8188101209596736,0.6944743267350038
512,48,fixed,fixed-centre comparator,0.2969834506220475,,,,
512,49,ot,oracle rows + true directions,0.2709090080370137,0.2633332048718979,1.0283234434104624,0.9647049410114448,0.9381337624784424
512,49,oo,oracle rows + oracle-fit directions,0.2701694306057057,0.26272241381304,1.027867130057642,0.964871459459886,0.9387122432894384
512,49,ft,RFD rows + true directions,0.4990635092237961,0.4598357452646687,1.0819510803635444,0.8880039906311723,0.8207431987893534
512,49,of,oracle rows + RFD directions,0.2707260864559271,0.2632851215750083,1.0277542342459696,0.964718064906651,0.938666105924082
512,49,ff,complete RFD,0.4993763621159292,0.4601244807496319,1.0819219631646158,0.8878544149886749,0.8206270370847316
512,49,fixed,fixed-centre comparator,0.3563747378529599,,,,
512,50,ot,oracle rows + true directions,0.2682606857685499,0.2596617568848419,1.0330759411584551,0.9656996282548096,0.9347808711641352
512,50,oo,oracle rows + oracle-fit directions,0.269063021857806,0.2603857314467331,1.0332850565843468,0.9655046715883616,0.9344030143820702
512,50,ft,RFD rows + true directions,0.8198825413847759,0.6882506655323956,1.1710270044933044,0.7254729639305758,0.6195185603294291
512,50,of,oracle rows + RFD directions,0.2682423512458781,0.2601068623137559,1.0311418616879782,0.9655798362524424,0.9364180353145484
512,50,ff,complete RFD,0.8224225220161756,0.6899564046187475,1.171443332522207,0.7238509236891055,0.617913733932481
512,50,fixed,fixed-centre comparator,0.4324717600895285,,,,
512,51,ot,oracle rows + true directions,0.2841396119910028,0.2730708637583162,1.0405281327398976,0.9619939206493392,0.9245246624098828
512,51,oo,oracle rows + oracle-fit directions,0.2843711280838092,0.2733609304724436,1.040274410277025,0.9619115352729896,0.924670957749343
512,51,ft,RFD rows + true directions,0.690298478172843,0.6120907075831764,1.1099379241172789,0.7907875604043899,0.7124610694181785
512,51,of,oracle rows + RFD directions,0.286104615937258,0.2751973588528679,1.0396326576828872,0.9613877540724172,0.9247379321607108
512,51,ff,complete RFD,0.6938357978157327,0.6146759423744798,1.1106206996532195,0.7887797448375847,0.7102152382752036
512,51,fixed,fixed-centre comparator,0.4241518775980989,,,,
512,52,ot,oracle rows + true directions,0.2631677622248996,0.2567014109555234,1.0244705536769716,0.9664907581624582,0.9434051127126928
512,52,oo,oracle rows + oracle-fit directions,0.2625355581509417,0.2561786235552448,1.0240527315946846,0.966629459944885,0.9439254738763516
512,52,ft,RFD rows + true directions,0.6165243480708261,0.578165705152762,1.0299910610255665,0.8159193694141657,0.7921616024528905
512,52,of,oracle rows + RFD directions,0.2617645192563769,0.255606225295385,1.0232267132222677,0.9667809770523234,0.9448355526292022
512,52,ff,complete RFD,0.6172543668385669,0.5789047152983876,1.0295733584852882,0.815395199032526,0.7919738718104925
512,52,fixed,fixed-centre comparator,0.331291159420597,,,,
512,54,ot,oracle rows + true directions,0.2892482428063237,0.27677103464497,1.0449736267356848,0.9609358950427196,0.9195790883684938
512,54,oo,oracle rows + oracle-fit directions,0.2895911045485063,0.2772225640320773,1.0445354006942855,0.960805729578816,0.9198402743843668
512,54,ft,RFD rows + true directions,0.951197088125583,0.7283166221414022,1.297066549953735,0.6852407590858398,0.5283003860598221
512,54,of,oracle rows + RFD directions,0.29021738764385,0.2778669199486481,1.044381783023135,0.9606195786044815,0.9197973329483116
512,54,ff,complete RFD,0.9530883820749658,0.7290249183427768,1.2984090842710243,0.6844871572464363,0.5271737278630741
512,54,fixed,fixed-centre comparator,0.4316597719298383,,,,
512,53,ot,oracle rows + true directions,0.282469783633351,0.2645643943386935,1.0633370062914271,0.964368021684772,0.9069260413010292
512,53,oo,oracle rows + oracle-fit directions,0.2829211726413698,0.2649588677183959,1.063462479034006,0.9642597152310084,0.9067171942980928
512,53,ft,RFD rows + true directions,0.8281572724039039,0.6705514004768797,1.2278726277512984,0.7418630731600647,0.6041856918976182
512,53,of,oracle rows + RFD directions,0.2826294678823875,0.2650834546569466,1.0622569889014362,0.9642254726292698,0.907713936178901
512,53,ff,complete RFD,0.830457511395582,0.6717778093392845,1.2289885663947124,0.7407527083172304,0.6027336043412173
512,53,fixed,fixed-centre comparator,0.4057345733087709,,,,
512,55,ot,oracle rows + true directions,0.2785583267324441,0.2649486421963907,1.0502680967931572,0.964262524937213,0.9181108403477646
512,55,oo,oracle rows + oracle-fit directions,0.2783628830098595,0.2647859901430613,1.0501807952952815,0.9643072017899476,0.9182297049326742
512,55,ft,RFD rows + true directions,1.0685591499001346,0.7309916285210897,1.4617899807587211,0.6823864294020546,0.4668156427285621
512,55,of,oracle rows + RFD directions,0.2781927737760511,0.2647530812429671,1.0497388654122348,0.9643162375343242,0.9186248783459448
512,55,ff,complete RFD,1.0691508824263285,0.731208394198947,1.4621656201214976,0.6821541499199409,0.466536855013222
512,55,fixed,fixed-centre comparator,0.3320131491811358,,,,
512,56,ot,oracle rows + true directions,0.2655718782121957,0.2554874880160606,1.0393007471091669,0.9668123620782078,0.9302527346077764
512,56,oo,oracle rows + oracle-fit directions,0.2669485151541374,0.2569137959692294,1.0389381935264264,0.9664343233974472,0.9302134904840852
512,56,ft,RFD rows + true directions,0.5521952246607708,0.503735552009785,1.0900659140172515,0.8638579128776892,0.792482272649081
512,56,of,oracle rows + RFD directions,0.2642465325870738,0.2546326521574471,1.037666761260478,0.9670378547167968,0.9319348858607686
512,56,ff,complete RFD,0.5530363478513849,0.5046603396479316,1.0895195393758406,0.8633179840513197,0.7923841224049031
512,56,fixed,fixed-centre comparator,0.3992928829643489,,,,
512,57,ot,oracle rows + true directions,0.2772958087256099,0.2668709044601051,1.0390508493757806,0.9637322866608992,0.927512149419704
512,57,oo,oracle rows + oracle-fit directions,0.277746979042473,0.2673255518422321,1.03897492495098,0.9636062729830304,0.927458642015344
512,57,ft,RFD rows + true directions,0.862214858408871,0.713375976670453,1.1850429805466351,0.7007815036867606,0.5913553476039367
512,57,of,oracle rows + RFD directions,0.2824021538753069,0.2729151309526584,1.0346212229026224,0.9620381132247796,0.9298457173783736
512,57,ff,complete RFD,0.870003817429915,0.7183323796412294,1.1865210538643678,0.6957000735654472,0.5863360547203349
512,57,fixed,fixed-centre comparator,0.4215090745371399,,,,
512,58,ot,oracle rows + true directions,0.2956214465961913,0.2803595147241102,1.0536531731558272,0.9598950684859576,0.9110161606697847
512,58,oo,oracle rows + oracle-fit directions,0.2956334980409885,0.2804412027313089,1.0534227797205664,0.9598712058451472,0.9111927559604938
512,58,ft,RFD rows + true directions,1.0386903325143906,0.7320749643708813,1.4180713183868148,0.6812240795372495,0.4803877426363886
512,58,of,oracle rows + RFD directions,0.2956023017237009,0.280379833733183,1.053526036705894,0.959889133616874,0.9111204661046642
512,58,ff,complete RFD,1.0390565681169506,0.7322633464639448,1.4181979103916162,0.6810215792656095,0.4802020749540904
512,58,fixed,fixed-centre comparator,0.4192631470772819,,,,
512,60,ot,oracle rows + true directions,0.2727609089545045,0.2611693932775623,1.0439635739159945,0.9652929855826312,0.9246424010387038
512,60,oo,oracle rows + oracle-fit directions,0.2728571530092131,0.2612277093064978,1.0440878004355296,0.9652772057240758,0.9245172727058216
512,60,ft,RFD rows + true directions,0.975034288389468,0.7731265309287463,1.2283622701379495,0.6342518168472852,0.5163393831496114
512,60,of,oracle rows + RFD directions,0.2717752392162229,0.2603108093629447,1.0436277753374277,0.9655248741119044,0.925162109450114
512,60,ff,complete RFD,0.975525461352204,0.7732055442637374,1.2289690009745642,0.6341554906486401,0.5160060914032487
512,60,fixed,fixed-centre comparator,0.395251312873508,,,,
512,61,ot,oracle rows + true directions,0.2892398239881631,0.2799142306201557,1.032878970466126,0.9600250119118388,0.9294651545462204
512,61,oo,oracle rows + oracle-fit directions,0.289362554621469,0.2800481698453358,1.0328125279753515,0.9599859491504436,0.9294871267996024
512,61,ft,RFD rows + true directions,1.063359170567429,0.7549971941494332,1.4045350466475617,0.6557280204676962,0.466864833336008
512,61,of,oracle rows + RFD directions,0.2899882849441353,0.2809428161936455,1.0315878480398977,0.9597245094448636,0.9303371605902684
512,61,ff,complete RFD,1.0640852824788725,0.7548687894367673,1.4058429002039714,0.6558758348454908,0.4665356525614141
512,61,fixed,fixed-centre comparator,0.3768938522104215,,,,
512,59,ot,oracle rows + true directions,0.2793979955736963,0.2686155524099492,1.0401170001022964,0.9632474682050804,0.9260953028460688
512,59,oo,oracle rows + oracle-fit directions,0.2786964698528519,0.2680336228126867,1.0397620261827272,0.9634095583093966,0.9265673625784902
512,59,ft,RFD rows + true directions,0.8993470977628273,0.670165625207035,1.3419642301249184,0.7422115835736223,0.553078514994794
512,59,of,oracle rows + RFD directions,0.2782192219642163,0.2676359596210715,1.0395262140830157,0.9635201051964136,0.9268838939731328
512,59,ff,complete RFD,0.9004182612217112,0.6706093240037897,1.3426735760704114,0.7418107134297671,0.5524877577473571
512,59,fixed,fixed-centre comparator,0.399995188216844,,,,
512,62,ot,oracle rows + true directions,0.2789328730837637,0.2713304810970287,1.0271648163692186,0.9624862440719114,0.937031943397428
512,62,oo,oracle rows + oracle-fit directions,0.2782050962463021,0.2707566945412008,1.0265922261329357,0.9626478132531766,0.9377119646418608
512,62,ft,RFD rows + true directions,0.9002510565333277,0.6854346445610523,1.3117704399512626,0.728134155245765,0.5550774229009292
512,62,of,oracle rows + RFD directions,0.2772415375174681,0.2700038983477626,1.0257938379404548,0.9628592290033944,0.9386478972583632
512,62,ff,complete RFD,0.9010311676590388,0.6860062125856115,1.3117640149739669,0.7275956818824207,0.5546696460467095
512,62,fixed,fixed-centre comparator,0.3845026904152321,,,,
512,63,ot,oracle rows + true directions,0.2381395458178868,0.2289157463275864,1.039081781380805,0.9734462394417496,0.936833131794656
512,63,oo,oracle rows + oracle-fit directions,0.238776278109206,0.2294793421118668,1.0392933965764617,0.973313531984378,0.9365146889132292
512,63,ft,RFD rows + true directions,0.7034035312553186,0.5870986894862227,1.1969320113200297,0.8095153666259585,0.6763252707504992
512,63,of,oracle rows + RFD directions,0.2393121474488216,0.2302889024797518,1.038217046506924,0.9731223054655932,0.9373014137454766
512,63,ff,complete RFD,0.7048329552890826,0.5880279739708791,1.1974439836447266,0.8088405911103269,0.6754725917519866
512,63,fixed,fixed-centre comparator,0.39129351833251,,,,
2048,1,ot,oracle rows + true directions,0.2612288122198916,0.2533408423768441,1.03108665615415,0.967377081382328,0.9382112314308744
2048,1,oo,oracle rows + oracle-fit directions,0.2621868065199756,0.2542401969066036,1.031202358038382,0.9671411077381064,0.9378771297399504
2048,1,ft,RFD rows + true directions,0.4774012285709352,0.4369561746639895,1.0917878523665732,0.8994827966242673,0.8238622500465973
2048,1,of,oracle rows + RFD directions,0.2625354120830268,0.2546180749711358,1.031029805089886,0.9670416929470996,0.9379376698647354
2048,1,ff,complete RFD,0.4783311758398825,0.4377365547319249,1.0919436869395456,0.899103280302894,0.8233971138409742
2048,1,fixed,fixed-centre comparator,0.3625820316972498,,,,
2048,0,ot,oracle rows + true directions,0.2728463941052148,0.2620517342499843,1.0410409530074722,0.9650538267768156,0.927008513919518
2048,0,oo,oracle rows + oracle-fit directions,0.2729248923806348,0.2621665963128461,1.040895369563308,0.9650226296713136,0.927108197316868
2048,0,ft,RFD rows + true directions,0.4219885395809468,0.39449797622121,1.068715614512853,0.9188968096349938,0.8598141518254602
2048,0,of,oracle rows + RFD directions,0.2728767189226266,0.2621125808401672,1.04092339263208,0.9650373023698654,0.9270973341560432
2048,0,ff,complete RFD,0.4222663394714744,0.3947534285413668,1.068715720936092,0.9187870975665888,0.8597114083451675
2048,0,fixed,fixed-centre comparator,0.3334504072903668,,,,
2048,2,ot,oracle rows + true directions,0.2604226647324569,0.2507106983968095,1.038518497300421,0.9680620567450128,0.9321567783929164
2048,2,oo,oracle rows + oracle-fit directions,0.2600016830065788,0.2503588640245014,1.038305187616751,0.968153107315347,0.9324359724500402
2048,2,ft,RFD rows + true directions,0.6534859479477416,0.5706296380325211,1.139681553750746,0.8212075354006894,0.7205587672258591
2048,2,of,oracle rows + RFD directions,0.260615875233906,0.250953737134658,1.0383045311074297,0.9679990815172034,0.9322882184524032
2048,2,ff,complete RFD,0.6539094385123551,0.5709773200809769,1.1396858576561586,0.8209658336088937,0.7203439685539889
2048,2,fixed,fixed-centre comparator,0.3597468823999306,,,,
2048,4,ot,oracle rows + true directions,0.2700792958636392,0.2614015405249846,1.0331422999622628,0.965230145929542,0.9342664083783992
2048,4,oo,oracle rows + oracle-fit directions,0.2695479086552501,0.2609751525419849,1.032784711799512,0.9653455183278616,0.9347015958881252
2048,4,ft,RFD rows + true directions,0.5002357529790699,0.4558234451792567,1.0961303887285263,0.8900702145476574,0.812011256781329
2048,4,of,oracle rows + RFD directions,0.2694690549006239,0.2608796686334236,1.0328648082244227,0.9653713267410188,0.9346540990205384
2048,4,ff,complete RFD,0.4999092098895579,0.455599929529558,1.0959464558680991,0.8901846461339703,0.8122519502367977
2048,4,fixed,fixed-centre comparator,0.3991943065395838,,,,
2048,3,ot,oracle rows + true directions,0.2782291688821345,0.2692621247146184,1.0331338862553343,0.9630669282008232,0.9321801762707892
2048,3,oo,oracle rows + oracle-fit directions,0.2793209085176436,0.2702771775310236,1.0332837406255488,0.9627825545292478,0.931769771143771
2048,3,ft,RFD rows + true directions,0.4851360855397889,0.4449761359821629,1.0888123415411337,0.8955424269158798,0.8224947428941753
2048,3,of,oracle rows + RFD directions,0.279149383714892,0.2701475025907046,1.0331375464516015,0.9628189481122632,0.9319368475370452
2048,3,ff,complete RFD,0.4858204405040891,0.4455389736598227,1.088954369894031,0.8952625441456556,0.8221304481589766
2048,3,fixed,fixed-centre comparator,0.4179556436167467,,,,
2048,6,ot,oracle rows + true directions,0.2822714441207823,0.2718482706353977,1.0383380594611835,0.9623401258144358,0.9268081017022676
2048,6,oo,oracle rows + oracle-fit directions,0.2815516972219133,0.2712727606852459,1.0378845245018546,0.9625025139240968,0.9273695591386348
2048,6,ft,RFD rows + true directions,0.537596512938324,0.4946784128656429,1.0795595402739904,0.8690761001458555,0.8050284099432675
2048,6,of,oracle rows + RFD directions,0.2813108651121185,0.2710504432111282,1.037847679339002,0.9625651444110428,0.9274628286725984
2048,6,ff,complete RFD,0.5372178196500819,0.494477586980493,1.079178240486896,0.8691903795912315,0.8054187408366171
2048,6,fixed,fixed-centre comparator,0.3624702527309438,,,,
2048,7,ot,oracle rows + true directions,0.2829283293685764,0.2743782527697267,1.0306509264297434,0.9616218458453571,0.9330238019350467
2048,7,oo,oracle rows + oracle-fit directions,0.2825423967676716,0.2740777025793831,1.0303487840159546,0.9617075506352272,0.9333805848606068
2048,7,ft,RFD rows + true directions,0.5545843308601107,0.5094841317014593,1.0795455661550226,0.8604800517992328,0.7970761761024804
2048,7,of,oracle rows + RFD directions,0.2820234703819905,0.2736844829709009,1.0298933231083645,0.9618195276562808,0.9339020907071934
2048,7,ff,complete RFD,0.5546306640167284,0.5096862680642897,1.079072662383585,0.8603603362235481,0.7973145518514774
2048,7,fixed,fixed-centre comparator,0.4006118059392691,,,,
2048,5,ot,oracle rows + true directions,0.2774719562250106,0.2661741137238966,1.0422960561065528,0.9639249665732798,0.9248091853805676
2048,5,oo,oracle rows + oracle-fit directions,0.2778937259755527,0.2665700535261311,1.0423351581206506,0.9638155459231168,0.924669515763906
2048,5,ft,RFD rows + true directions,0.4819948709119127,0.4407298634952345,1.0927711352151632,0.8976397871214665,0.8214343865742063
2048,5,of,oracle rows + RFD directions,0.277774611418954,0.2664997308015203,1.0421716269043455,0.9638349928710396,0.9248332692898232
2048,5,ff,complete RFD,0.4824479889801139,0.4411206668036525,1.092815709780534,0.8974478020022675,0.8212252019899114
2048,5,fixed,fixed-centre comparator,0.4075366524278312,,,,
2048,8,ot,oracle rows + true directions,0.2534389146342952,0.2458551248056817,1.0308414627303957,0.969306585971014,0.940306168325444
2048,8,oo,oracle rows + oracle-fit directions,0.2533745728032727,0.2458104799461724,1.030766115188026,0.9693179086082296,0.9403858880551316
2048,8,ft,RFD rows + true directions,0.5843361263170462,0.5295551219194041,1.0952979597526638,0.8482755288518733,0.774470107698756
2048,8,of,oracle rows + RFD directions,0.2532609138642835,0.2456965089792734,1.0307822653117282,0.9693468035101772,0.9403991862597948
2048,8,ff,complete RFD,0.5842889036402206,0.5295270023177839,1.0952640863306902,0.8482930824994046,0.7745100867328922
2048,8,fixed,fixed-centre comparator,0.2951120156677346,,,,
2048,9,ot,oracle rows + true directions,0.2827748262536801,0.2720490797200004,1.0394254578134765,0.9622833772977174,0.9257839223237476
2048,9,oo,oracle rows + oracle-fit directions,0.2828492483438214,0.2721279643013716,1.0393977582303693,0.962261072186333,0.925787134488951
2048,9,ft,RFD rows + true directions,0.4452509917295975,0.4139813699934441,1.0741995719951856,0.91028535377559,0.8474080399090589
2048,9,of,oracle rows + RFD directions,0.2827212817889172,0.2720399056889753,1.0392639734906386,0.962285970859356,0.925930269310951
2048,9,ff,complete RFD,0.4455023180139677,0.4142265870444078,1.0741513833695888,0.9101737936161104,0.8473421974851586
2048,9,fixed,fixed-centre comparator,0.3177996232582653,,,,
2048,13,ot,oracle rows + true directions,0.2770212241926967,0.2665812184745775,1.039146464870194,0.9638124578758096,0.9275039568134462
2048,13,oo,oracle rows + oracle-fit directions,0.2771915509421089,0.2667474922192578,1.039138405785561,0.9637664527232398,0.9274668777107298
2048,13,ft,RFD rows + true directions,0.5006668120189942,0.4628824587202904,1.0772260788172752,0.8864196688978976,0.8228724557718927
2048,13,of,oracle rows + RFD directions,0.2772504611241766,0.2668074786036199,1.0391261542395869,0.9637498479175904,0.9274618331812124
2048,13,ff,complete RFD,0.5008208217562857,0.4630129400317435,1.077245503521371,0.8863515202013031,0.822794355886322
2048,13,fixed,fixed-centre comparator,0.3683506303920016,,,,
2048,10,ot,oracle rows + true directions,0.2705376735061577,0.2623514825355736,1.0310203381095242,0.9649723828231492,0.9359392314146968
2048,10,oo,oracle rows + oracle-fit directions,0.2704533543094586,0.2622711249548712,1.0310159945841917,0.964994226415322,0.9359643608676546
2048,10,ft,RFD rows + true directions,0.4623938581197566,0.4336628662820518,1.061526435127369,0.9010752013056595,0.8488485745506119
2048,10,of,oracle rows + RFD directions,0.2704272715260037,0.2622545731039032,1.0309793891834964,0.9649987248106028,0.9360019559409928
2048,10,ff,complete RFD,0.4625478035032255,0.4337790174863905,1.0616002199243169,0.9010192916850012,0.8487369112915559
2048,10,fixed,fixed-centre comparator,0.4137486485574248,,,,
2048,11,ot,oracle rows + true directions,0.2925176878297431,0.2812083948179176,1.0401975569947837,0.959646725979894,0.9225619878904472
2048,11,oo,oracle rows + oracle-fit directions,0.2923834688572087,0.2810925176493756,1.0401486143372756,0.959680674246145,0.922638035582636
2048,11,ft,RFD rows + true directions,0.500486557297186,0.4695908257840695,1.056006237109512,0.8828841692653885,0.8360596161647768
2048,11,of,oracle rows + RFD directions,0.292449275878498,0.2811459640712419,1.040185362372301,0.9596650180591414,0.9225903889576752
2048,11,ff,complete RFD,0.5004928727353549,0.4695931284756119,1.0560170236042508,0.8828829444997153,0.8360499165878801
2048,11,fixed,fixed-centre comparator,0.4464241153510553,,,,
2048,12,ot,oracle rows + true directions,0.2857683673799867,0.2749634227424817,1.0392921845810348,0.96145468751977,0.9251052800972974
2048,12,oo,oracle rows + oracle-fit directions,0.2857772360014311,0.2749938641185883,1.0392084612800774,0.9614459811643746,0.9251714328615877
2048,12,ft,RFD rows + true directions,0.4652464534103873,0.4184059139341682,1.1117073215306728,0.908260145104316,0.8169957393585958
2048,12,of,oracle rows + RFD directions,0.2856295944322602,0.2748805945540448,1.0390987550541095,0.9614783714351636,0.9253002823442862
2048,12,ff,complete RFD,0.4653628517647271,0.418542331965326,1.1116300796002008,0.9081972893336704,0.816995964755024
2048,12,fixed,fixed-centre comparator,0.4409135195659292,,,,
2048,14,ot,oracle rows + true directions,0.2753452758406717,0.2648354607145385,1.0396408106751656,0.9642936164613544,0.9275257440453126
2048,14,oo,oracle rows + oracle-fit directions,0.2758980699000632,0.2653447542113383,1.0397307536476277,0.9641535984543772,0.9273108399187892
2048,14,ft,RFD rows + true directions,0.498189204208172,0.4464762697362772,1.11581905604276,0.8947954741517073,0.8019180791956445
2048,14,of,oracle rows + RFD directions,0.2759060160830264,0.2653568195142525,1.0397140790561028,0.9641502778806216,0.9273225180868176
2048,14,ff,complete RFD,0.4985153499409593,0.4467233689285383,1.1159316803309598,0.894672136401451,0.8017266219524406
2048,14,fixed,fixed-centre comparator,0.4131471724847884,,,,
2048,15,ot,oracle rows + true directions,0.2785836775838778,0.2681962944273487,1.038727493738291,0.963364286059764,0.9274466035289952
2048,15,oo,oracle rows + oracle-fit directions,0.2783213192340843,0.267983999258725,1.038572101268395,0.9634233628791132,0.9276422519943454
2048,15,ft,RFD rows + true directions,0.4075504185997403,0.3832764980240086,1.0621849789753668,0.9236336535999824,0.8695600784064583
2048,15,of,oracle rows + RFD directions,0.2782088038096423,0.2678779044874729,1.0385632318664697,0.9634528677041756,0.9276785833951504
2048,15,ff,complete RFD,0.4073385142519698,0.3831207350469331,1.0620571107899517,0.9236982745340048,0.8697256156469435
2048,15,fixed,fixed-centre comparator,0.4302284245412741,,,,
2048,16,ot,oracle rows + true directions,0.2874047527753254,0.2762716659504103,1.040297375532477,0.9610795839018664,0.9238508204540428
2048,16,oo,oracle rows + oracle-fit directions,0.2868716892115118,0.275821969117009,1.0400605464629291,0.9612087397399252,0.9241853688314916
2048,16,ft,RFD rows + true directions,0.4599605714689023,0.4274171127746964,1.0739908195018275,0.9040545402282664,0.8417711993549571
2048,16,of,oracle rows + RFD directions,0.286967530696547,0.2759579658035751,1.0398943182176836,0.9611697046357384,0.9242955633060153
2048,16,ff,complete RFD,0.460095590484356,0.4276279800381394,1.0737260247468068,0.9039548167295204,0.8418859149313063
2048,16,fixed,fixed-centre comparator,0.4137698125730543,,,,
2048,17,ot,oracle rows + true directions,0.2812817107110001,0.2691585975102234,1.0447846067188211,0.9630958671837035,0.9218128416041046
2048,17,oo,oracle rows + oracle-fit directions,0.2815496825975179,0.269385501103607,1.0448961873273817,0.9630324251006082,0.9216536884528568
2048,17,ft,RFD rows + true directions,0.5937888689850956,0.524105559690414,1.1307564877752794,0.8516533110964802,0.7531712798500728
2048,17,of,oracle rows + RFD directions,0.2812722603101251,0.2691430581360226,1.0448076065830725,0.963100209872882,0.9217967057328336
2048,17,ff,complete RFD,0.5939044984395785,0.5241539986142199,1.1308816941472817,0.8516234999908848,0.7530615310145545
2048,17,fixed,fixed-centre comparator,0.4297137890128495,,,,
2048,18,ot,oracle rows + true directions,0.2919684779326548,0.2805824174828406,1.0405708747260245,0.9598299364989012,0.9224070746277788
2048,18,oo,oracle rows + oracle-fit directions,0.2917285438525123,0.2804170337324597,1.0403259547771049,0.9598782668613188,0.9226706903289532
2048,18,ft,RFD rows + true directions,0.6081979964926614,0.5363176619525372,1.1308404930460731,0.8440162116202297,0.7463618581138325
2048,18,of,oracle rows + RFD directions,0.2922330469597561,0.2809285290272081,1.040222885938734,0.9597286916512444,0.92261832019313
2048,18,ff,complete RFD,0.6085460604666109,0.5365735300470872,1.130937450264021,0.8438535695562398,0.7461540595010265
2048,18,fixed,fixed-centre comparator,0.3972888894720748,,,,
2048,22,ot,oracle rows + true directions,0.2624039912680939,0.2543257634066328,1.0317271289304164,0.9671186101340584,0.9373782883238352
2048,22,oo,oracle rows + oracle-fit directions,0.2625285665708872,0.2544645399246955,1.0316502565454857,0.9670821050567078,0.9374127509985928
2048,22,ft,RFD rows + true directions,0.4819898744933842,0.452073292939694,1.0591453150625116,0.8919807945301633,0.8421703630700739
2048,22,of,oracle rows + RFD directions,0.2623386122254845,0.2543018290219799,1.0315619058577348,0.967124903906458,0.937534527413846
2048,22,ff,complete RFD,0.4823186578505548,0.4523614824091447,1.0591678075899775,0.8918346759532289,0.842014522686922
2048,22,fixed,fixed-centre comparator,0.2691569337391942,,,,
2048,21,ot,oracle rows + true directions,0.2653056985388695,0.2567509588895146,1.0333061744148877,0.9664775967963846,0.935325483120872
2048,21,oo,oracle rows + oracle-fit directions,0.2651262554572571,0.2566037699858199,1.033198292345497,0.9665166864721292,0.9354609794001968
2048,21,ft,RFD rows + true directions,0.4695114370735661,0.4351006058043575,1.0768144145337346,0.9003818427915353,0.8361532225415135
2048,21,of,oracle rows + RFD directions,0.2650166320268821,0.2565143409899892,1.0331302748059357,0.9665404248485788,0.9355455438861616
2048,21,ff,complete RFD,0.4695520021792343,0.4351573266071024,1.076755065317912,0.9003544308216401,0.8361738521804034
2048,21,fixed,fixed-centre comparator,0.324286955550661,,,,
2048,19,ot,oracle rows + true directions,0.27985975942829,0.268466324114557,1.0423290459575294,0.9632890702257644,0.9241698424904244
2048,19,oo,oracle rows + oracle-fit directions,0.2799583182393576,0.2685915160016001,1.04221781737726,0.96325417078358,0.9242349868932466
2048,19,ft,RFD rows + true directions,0.3858985884207456,0.3674561266407189,1.0479124627887948,0.9300408566263096,0.8875176979489344
2048,19,of,oracle rows + RFD directions,0.2798938940719431,0.2685551071172066,1.0421233507349896,0.9632643222092604,0.9243285082614148
2048,19,ff,complete RFD,0.3861174117157183,0.3676837597433894,1.0478292502633908,0.929950887316618,0.8875023168926217
2048,19,fixed,fixed-centre comparator,0.3728163268619914,,,,
2048,23,ot,oracle rows + true directions,0.2745919724615813,0.2652417107737517,1.0352283177137471,0.9641819511201264,0.9313713068142072
2048,23,oo,oracle rows + oracle-fit directions,0.2742502097136368,0.2649539285574916,1.0350607423824814,0.9642610723979016,0.931598536119132
2048,23,ft,RFD rows + true directions,0.4628376580624764,0.4227182544427262,1.0947498133110296,0.9062611529580724,0.8278248983821421
2048,23,of,oracle rows + RFD directions,0.2742697306285309,0.264990903798289,1.0349877907458178,0.9642509117984622,0.9316543831919194
2048,23,ff,complete RFD,0.4627398565548798,0.4226584972411797,1.0946715324480734,0.906289023827293,0.8279095573084919
2048,23,fixed,fixed-centre comparator,0.29337765454984,,,,
2048,20,ot,oracle rows + true directions,0.2738251263464367,0.2641935417551873,1.0364556020573783,0.9644696845908896,0.9305460674595268
2048,20,oo,oracle rows + oracle-fit directions,0.2739035564370533,0.2642672363867073,1.0364632850274422,0.964449494671718,0.9305196899918962
2048,20,ft,RFD rows + true directions,0.4211981507860278,0.394881429032614,1.065280852664083,0.9187320920731792,0.8624318082650122
2048,20,of,oracle rows + RFD directions,0.2744114080751175,0.2647428412415551,1.036519110455522,0.964319048868863,0.9303437236628186
2048,20,ff,complete RFD,0.4216849125005822,0.395287548936405,1.065410823961166,0.9185574307879986,0.8621626607591891
2048,20,fixed,fixed-centre comparator,0.3373962493522446,,,,
2048,24,ot,oracle rows + true directions,0.2470657990358192,0.2398606466759386,1.030038901980222,0.9708073290700896,0.9424957904053314
2048,24,oo,oracle rows + oracle-fit directions,0.2481181154738744,0.2408482348341626,1.030184320574383,0.9705627891987556,0.9421253748626408
2048,24,ft,RFD rows + true directions,0.5059871507553031,0.4691110021112759,1.0727648020762672,0.8831392119582024,0.8232365661596496
2048,24,of,oracle rows + RFD directions,0.2477957882490425,0.2405722536701212,1.030026043006653,0.9706312331488616,0.9423365940491972
2048,24,ff,complete RFD,0.5065613934999824,0.469599537724215,1.0728287906873035,0.8828795354798998,0.822945416028858
2048,24,fixed,fixed-centre comparator,0.3475536314213647,,,,
2048,25,ot,oracle rows + true directions,0.2834639786169994,0.2732380052816222,1.0373972365849555,0.9619464602927338,0.9272691562774922
2048,25,oo,oracle rows + oracle-fit directions,0.283549453228178,0.2733289607257647,1.037363125646941,0.9619206200246324,0.9272747374982506
2048,25,ft,RFD rows + true directions,0.4137350591100937,0.3905571841994475,1.0571135913268586,0.9205786690284534,0.870841768170788
2048,25,of,oracle rows + RFD directions,0.2834396644213406,0.2732521378039792,1.037250563323169,0.9619424458799782,0.9273964072847388
2048,25,ff,complete RFD,0.4138663196135954,0.3906765095870168,1.0571193802974077,0.9205280358885902,0.8707891020119325
2048,25,fixed,fixed-centre comparator,0.3953866214305764,,,,
2048,29,ot,oracle rows + true directions,0.2864332549795897,0.2731249797273788,1.04827314040842,0.9619785576866664,0.917679296172625
2048,29,oo,oracle rows + oracle-fit directions,0.2866957028675999,0.2734136748424545,1.0481484341012826,0.9618965445457972,0.9177102338282452
2048,29,ft,RFD rows + true directions,0.5047245409720121,0.449740677718513,1.122244722045651,0.8931591811123548,0.7958684621695397
2048,29,of,oracle rows + RFD directions,0.2864999834538255,0.2732193184106219,1.048169194163428,0.961951768046213,0.9177447433130989
2048,29,ff,complete RFD,0.5048421111673846,0.4498713938073587,1.122181292783038,0.8930933484433887,0.7958547822771975
2048,29,fixed,fixed-centre comparator,0.4296826964469654,,,,
2048,30,ot,oracle rows + true directions,0.2777085607841953,0.2670183452741684,1.0400016552461704,0.9636914461003816,0.926624915680806
2048,30,oo,oracle rows + oracle-fit directions,0.2777955814584334,0.267127831592185,1.0399048350626776,0.9636611030797376,0.9266820103030444
2048,30,ft,RFD rows + true directions,0.6506342624636952,0.5732941097179579,1.127016373606292,0.8193496590361735,0.7270077686754198
2048,30,of,oracle rows + RFD directions,0.277598963166688,0.2669439816545375,1.0398835318128925,0.9637120475839356,0.92674998507173
2048,30,ff,complete RFD,0.6506473355007072,0.573301553849139,1.127024939756475,0.8193444503712479,0.7269976213199772
2048,30,fixed,fixed-centre comparator,0.4110330507800001,,,,
2048,26,ot,oracle rows + true directions,0.2700024136456533,0.2596896822898336,1.039601335631105,0.96569211911054,0.9289061931844312
2048,26,oo,oracle rows + oracle-fit directions,0.2696881773995749,0.2594116864461093,1.0395048154571709,0.9657668336276544,0.9290643191517236
2048,26,ft,RFD rows + true directions,0.3975517012269294,0.3709123302135381,1.0717461812388436,0.9286678864349532,0.8664998324150737
2048,26,of,oracle rows + RFD directions,0.2695220375331058,0.2592883133876887,1.0393642166130626,0.9657999640404672,0.9292218729519895
2048,26,ff,complete RFD,0.3974803101367401,0.3708699769830022,1.0716745111399233,0.9286848013037724,0.8665735646879809
2048,26,fixed,fixed-centre comparator,0.3638880838486979,,,,
2048,27,ot,oracle rows + true directions,0.2771885501260326,0.2680351931749642,1.034053495148472,0.963409121411905,0.9316820898841182
2048,27,oo,oracle rows + oracle-fit directions,0.2772332350787731,0.2681167972646169,1.0338963401242076,0.9633864141789444,0.9318017452921896
2048,27,ft,RFD rows + true directions,0.6083957919191475,0.5403042599770328,1.1211422998447915,0.8414697300858008,0.7505467684185068
2048,27,of,oracle rows + RFD directions,0.2771454656791448,0.2681429402205298,1.0334431998430451,0.9633791380395824,0.9322032775346496
2048,27,ff,complete RFD,0.6093938774831983,0.5411103377104197,1.1212380664886916,0.8409516052799441,0.7500205624604753
2048,27,fixed,fixed-centre comparator,0.3164202054523518,,,,
2048,28,ot,oracle rows + true directions,0.2767149310110702,0.2669424705315761,1.0366019062081273,0.9637124661570478,0.929684250420002
2048,28,oo,oracle rows + oracle-fit directions,0.2763526627425689,0.2666774043040048,1.0362700278669654,0.963785848637382,0.9300528073954016
2048,28,ft,RFD rows + true directions,0.4745633068560089,0.439513582334434,1.0772279637320792,0.898235943916493,0.8338401658313207
2048,28,of,oracle rows + RFD directions,0.2766874850739075,0.2669724460847926,1.0363793126132903,0.9637041626098246,0.9298759159711404
2048,28,ff,complete RFD,0.4745958296059542,0.4396078983675945,1.0770363626300006,0.8981897882367774,0.8339456488205281
2048,28,fixed,fixed-centre comparator,0.3740277793678631,,,,
2048,31,ot,oracle rows + true directions,0.2834666101060184,0.2718979478463905,1.0424810973732497,0.9623260912793132,0.9231113098396664
2048,31,oo,oracle rows + oracle-fit directions,0.2833953091301227,0.2718392493137019,1.0424446327593195,0.9623426741720242,0.9231595078817108
2048,31,ft,RFD rows + true directions,0.470586040033736,0.4323452008305519,1.0875275691738624,0.9017081719263664,0.8291359203071482
2048,31,of,oracle rows + RFD directions,0.2836943193614868,0.2720849389889715,1.042599154929559,0.962273238729711,0.9229560892889128
2048,31,ff,complete RFD,0.4707928369751603,0.4324768968664061,1.0876816488875982,0.9016450153340856,0.8289604005512301
2048,31,fixed,fixed-centre comparator,0.2886253164315351,,,,
2048,32,ot,oracle rows + true directions,0.2784714725589071,0.268212534117638,1.0382490002054596,0.9633597648553704,0.9278696773748212
2048,32,oo,oracle rows + oracle-fit directions,0.2785309359119051,0.2683094283061954,1.0380959619894647,0.9633327829374452,0.9279804740702976
2048,32,ft,RFD rows + true directions,0.5243048062030422,0.4752806136157126,1.1012024407820238,0.8798342675305798,0.798975951148239
2048,32,of,oracle rows + RFD directions,0.2789180028264392,0.2687023423825681,1.0380183380477337,0.9632232613460502,0.927944359015511
2048,32,ff,complete RFD,0.5247907556229129,0.4756779341975821,1.101285577051644,0.879619521678277,0.7987206406835817
2048,32,fixed,fixed-centre comparator,0.422248180082756,,,,
2048,33,ot,oracle rows + true directions,0.2814568105757348,0.2698160521044611,1.0430195264934203,0.9629118848714884,0.923196412351694
2048,33,oo,oracle rows + oracle-fit directions,0.2817038344623248,0.2700334866091288,1.0430941022090077,0.9628509314061638,0.9230719734366162
2048,33,ft,RFD rows + true directions,0.6112023380606647,0.5319145536702998,1.1478548469967076,0.8467980323511184,0.7377222255642463
2048,33,of,oracle rows + RFD directions,0.2816082670549328,0.269958554619838,1.0430317513548353,0.9628719430887828,0.9231472980933422
2048,33,ff,complete RFD,0.6115204134754325,0.5321458455171355,1.1479466044554676,0.8466527027647482,0.7375366584810457
2048,33,fixed,fixed-centre comparator,0.362348840061435,,,,
2048,35,ot,oracle rows + true directions,0.2645236968942606,0.254891946606418,1.0377005946078894,0.9669695422065738,0.931838670259178
2048,35,oo,oracle rows + oracle-fit directions,0.2641778270306124,0.2545869893129238,1.0375863157154792,0.9670498771379794,0.932018727011776
2048,35,ft,RFD rows + true directions,0.593833879879478,0.5172814525202617,1.147463375637291,0.8558153415769832,0.7458323810131813
2048,35,of,oracle rows + RFD directions,0.2643697378898832,0.2547714315629645,1.0375907908872934,0.9670013017878296,0.9319678916588118
2048,35,ff,complete RFD,0.5939037498261609,0.5173269729761124,1.1474973854172308,0.8557878259424895,0.7457862970479228
2048,35,fixed,fixed-centre comparator,0.3175168574179953,,,,
2048,36,ot,oracle rows + true directions,0.2708114696633799,0.2618092297746191,1.0343639889237386,0.9651196439845274,0.9330561140172132
2048,36,oo,oracle rows + oracle-fit directions,0.2709547262211534,0.2619280792985179,1.03444260409828,0.9650873956668324,0.9329540293906357
2048,36,ft,RFD rows + true directions,0.4550023093963973,0.4261218149415124,1.0641878939941083,0.9046657939985082,0.8500996855011361
2048,36,of,oracle rows + RFD directions,0.2709960252855473,0.2619956610556471,1.034330290785086,0.9650690512020444,0.9330375991111404
2048,36,ff,complete RFD,0.4551791393336238,0.4262390942774169,1.0643236714352116,0.9046105430015544,0.8499393251131131
2048,36,fixed,fixed-centre comparator,0.3719890723271893,,,,
2048,34,ot,oracle rows + true directions,0.2775279231066302,0.2687350435296973,1.0325194374793958,0.9632141383820584,0.9328774872591974
2048,34,oo,oracle rows + oracle-fit directions,0.2767203030594481,0.2680131769169342,1.0322851463884106,0.9634152464015152,0.9332840347186568
2048,34,ft,RFD rows + true directions,0.4520704063016673,0.420914527166659,1.072020323849419,0.9071003036159052,0.8461596141747412
2048,34,of,oracle rows + RFD directions,0.2769145181515812,0.2681798457066905,1.0323704645592031,0.9633688651584787,0.9331619784084136
2048,34,ff,complete RFD,0.4517737861407213,0.4206780639694431,1.0719204038684758,0.9072099902971312,0.8463408169329386
2048,34,fixed,fixed-centre comparator,0.4375430224959804,,,,
2048,38,ot,oracle rows + true directions,0.282753240874326,0.272724166921466,1.0367308889720472,0.9620922662494448,0.9280057886607304
2048,38,oo,oracle rows + oracle-fit directions,0.2826617271286943,0.2726425072246983,1.0367057265463244,0.9621154105689348,0.928050637642488
2048,38,ft,RFD rows + true directions,0.4736554823920214,0.4346579047929246,1.088803029852235,0.9005956394525932,0.8271428483945491
2048,38,of,oracle rows + RFD directions,0.2830097340566258,0.2729891997437169,1.0366589521600718,0.962017097989056,0.92799767559477
2048,38,ff,complete RFD,0.4741025724063124,0.4350341633101633,1.0888775405212556,0.9004139474447441,0.8269193861907627
2048,38,fixed,fixed-centre comparator,0.4248650118151412,,,,
2048,37,ot,oracle rows + true directions,0.2635022170630112,0.2555247751195587,1.0311492848079686,0.9668025079095002,0.9375970309571112
2048,37,oo,oracle rows + oracle-fit directions,0.2630335206502544,0.2551355228147163,1.030877937662154,0.9669053030147582,0.937943540830378
2048,37,ft,RFD rows + true directions,0.4747571057501119,0.4332946976799272,1.0952884144574644,0.9012522981731922,0.8228447286367171
2048,37,of,oracle rows + RFD directions,0.263052719414563,0.2551763936435815,1.0307830245159528,0.9668945175804112,0.938019442097872
2048,37,ff,complete RFD,0.4748651238674309,0.4334659632626236,1.0950878198195086,0.9011699388532696,0.8229202467084324
2048,37,fixed,fixed-centre comparator,0.4018639265000822,,,,
2048,39,ot,oracle rows + true directions,0.2701970823306686,0.2603212407117246,1.0379051739201928,0.9655220617025324,0.9302603801999872
2048,39,oo,oracle rows + oracle-fit directions,0.2700752631534055,0.2602253589997376,1.0378210724016383,0.9655479079431832,0.9303606696950114
2048,39,ft,RFD rows + true directions,0.439471620089938,0.410307285349815,1.069374253563099,0.9119473293940092,0.8527859412693437
2048,39,of,oracle rows + RFD directions,0.2701040739822757,0.260246475907942,1.0378470057906106,0.9655422164657002,0.9303319382129642
2048,39,ff,complete RFD,0.4394607538956356,0.4102874808519628,1.069404444701856,0.9119562396607362,0.8527701976355487
2048,39,fixed,fixed-centre comparator,0.4126110379664061,,,,
2048,40,ot,oracle rows + true directions,0.2849486159315591,0.2745301606938215,1.037925752339755,0.9615784891881808,0.9264424618240104
2048,40,oo,oracle rows + oracle-fit directions,0.2850236244774501,0.274602925785059,1.0379232777495178,0.9615577118146812,0.9264246524074332
2048,40,ft,RFD rows + true directions,0.5129369018654724,0.4702841466810099,1.0873005194795755,0.8825150544781171,0.8116569786065434
2048,40,of,oracle rows + RFD directions,0.2851508179428192,0.2747237106485162,1.037929176628103,0.9615232097081746,0.926386145952514
2048,40,ff,complete RFD,0.5133223073887481,0.4705879388123481,1.0874062219469398,0.8823530993000169,0.8114291434899217
2048,40,fixed,fixed-centre comparator,0.4231134854525971,,,,
2048,43,ot,oracle rows + true directions,0.2784036125397911,0.2685275526571554,1.0367670713304336,0.9632720038825786,0.9291113023549812
2048,43,oo,oracle rows + oracle-fit directions,0.278574651913454,0.2686860045195314,1.0367918566786138,0.9632278188338056,0.9290464741105584
2048,43,ft,RFD rows + true directions,0.4885892432880143,0.4524138069668478,1.0763106971198866,0.8918081336620359,0.8285787143511967
2048,43,of,oracle rows + RFD directions,0.2787809728225822,0.2688778576149148,1.0368188914832743,0.9631742820925054,0.9289706138693012
2048,43,ff,complete RFD,0.4889628116894823,0.452700057895852,1.076452711301603,0.8916628609407774,0.8283344466313014
2048,43,fixed,fixed-centre comparator,0.3664721194283931,,,,
2048,41,ot,oracle rows + true directions,0.2778527733098578,0.2685888879698142,1.0344038522317398,0.963254903573887,0.9312174364931568
2048,41,oo,oracle rows + oracle-fit directions,0.2772252942882054,0.2680363332851636,1.0341928972884569,0.9634088042150354,0.931556198791338
2048,41,ft,RFD rows + true directions,0.4398404255222584,0.4074711814966362,1.0788285614589306,0.9132180660990756,0.8464904422479366
2048,41,of,oracle rows + RFD directions,0.2773007573151873,0.2681013428370732,1.0342241816154705,0.963390715114568,0.931510529573714
2048,41,ff,complete RFD,0.4395640260504794,0.4072794072431709,1.0786517805528169,0.913303610217134,0.8467084806081343
2048,41,fixed,fixed-centre comparator,0.4308579549769075,,,,
2048,44,ot,oracle rows + true directions,0.278341926668994,0.267912534714843,1.0389223871378424,0.963443238464347,0.9273486165974004
2048,44,oo,oracle rows + oracle-fit directions,0.2783299836239241,0.2679191689617636,1.0388529224732723,0.9634413936004818,0.9274088494709596
2048,44,ft,RFD rows + true directions,0.4744553869725708,0.4452596868862697,1.0592664415274038,0.8954014804733915,0.8453033584093081
2048,44,of,oracle rows + RFD directions,0.2784520475018837,0.2680386039322055,1.0388458922237054,0.9634081724804262,0.9273831467131272
2048,44,ff,complete RFD,0.474581603617305,0.445377622953565,1.0592527735235084,0.8953428242702524,0.8452588906536215
2048,44,fixed,fixed-centre comparator,0.408220242635984,,,,
2048,42,ot,oracle rows + true directions,0.2597027219475319,0.2492043492967676,1.041544672608968,0.9684509240491096,0.9298217825100432
2048,42,oo,oracle rows + oracle-fit directions,0.2600458250780676,0.2495160311084974,1.0416207965214352,0.968370667781642,0.9296767797029234
2048,42,ft,RFD rows + true directions,0.495231261094582,0.4500077521199057,1.099778185457461,0.8930246486139057,0.8120043299844553
2048,42,of,oracle rows + RFD directions,0.2596294471961716,0.2491426427240785,1.0415105779265794,0.9684668004513436,0.9298674646006472
2048,42,ff,complete RFD,0.4953374324318804,0.4500916709611766,1.09980754694124,0.8929823557783078,0.811944197202365
2048,42,fixed,fixed-centre comparator,0.3391025938660279,,,,
2048,45,ot,oracle rows + true directions,0.2767432098803101,0.2662562487542984,1.039363624906239,0.963902282391368,0.9273965908498308
2048,45,oo,oracle rows + oracle-fit directions,0.2769460553388547,0.2664631294654785,1.0393203944356972,0.9638451123678864,0.9273801587346024
2048,45,ft,RFD rows + true directions,0.4658807175402196,0.4281870458374234,1.0872676267278665,0.9036901315036148,0.8311570300527308
2048,45,of,oracle rows + RFD directions,0.2768762072379052,0.2663838828435129,1.039365766227276,0.9638670172597532,0.9273607507378556
2048,45,ff,complete RFD,0.4659655934055602,0.4282581145010987,1.0872835808222918,0.9036564542811408,0.8311138604684188
2048,45,fixed,fixed-centre comparator,0.3675973553232707,,,,
2048,46,ot,oracle rows + true directions,0.2787522470645423,0.2688825682643376,1.0366915342913288,0.9631729670643656,0.929083469098434
2048,46,oo,oracle rows + oracle-fit directions,0.2783153932203461,0.2685140576345893,1.0364854574159783,0.9632757657351336,0.9293673720581076
2048,46,ft,RFD rows + true directions,0.5730165874344259,0.499331841517503,1.1475081741426063,0.8664108217507093,0.7550367320024303
2048,46,of,oracle rows + RFD directions,0.2783167358937837,0.2685631730077173,1.0362965008067215,0.9632620734275936,0.9295236186532784
2048,46,ff,complete RFD,0.5733101296118412,0.4995685670856689,1.147549572198388,0.866274348448557,0.754890568072815
2048,46,fixed,fixed-centre comparator,0.4116066214918556,,,,
2048,47,ot,oracle rows + true directions,0.2808781103159831,0.2706316821344554,1.0378561357376273,0.9626829657914776,0.9275687955607425
2048,47,oo,oracle rows + oracle-fit directions,0.2809076739083975,0.2706400124567233,1.037934227933296,0.9626806239129488,0.9274967507621458
2048,47,ft,RFD rows + true directions,0.5805659889669941,0.4979955652604222,1.1656042474143582,0.8671795759708323,0.7439742759126721
2048,47,of,oracle rows + RFD directions,0.2811691100391746,0.2709071375948451,1.0378742798536924,0.9626054865832456,0.9274779279807792
2048,47,ff,complete RFD,0.5810065266442556,0.498294132338959,1.1657914854591358,0.8670080493724173,0.743707652857796
2048,47,fixed,fixed-centre comparator,0.4260056220031553,,,,
2048,49,ot,oracle rows + true directions,0.283281052974174,0.2696789121804007,1.0496765340042946,0.9629503021055632,0.9173781359407084
2048,49,oo,oracle rows + oracle-fit directions,0.2834551383354812,0.2698036582864087,1.04982221251189,0.9629153576380796,0.9172175499450804
2048,49,ft,RFD rows + true directions,0.4643629152712248,0.4249401869317825,1.0924612619021965,0.9052214301099936,0.8286073490000182
2048,49,of,oracle rows + RFD directions,0.2837194302088521,0.2700419809562253,1.0498775304845578,0.962848549108964,0.9171055872246104
2048,49,ff,complete RFD,0.4648325411742556,0.4252793210221997,1.092696878188823,0.9050621520707274,0.8282829118821079
2048,49,fixed,fixed-centre comparator,0.4306293404825516,,,,
2048,52,ot,oracle rows + true directions,0.2805381916283276,0.2691267254594903,1.0423037803117177,0.9631047739698168,0.924015428286929
2048,52,oo,oracle rows + oracle-fit directions,0.2803739309735389,0.2689891633571641,1.042227785618561,0.9631432032654405,0.9241196757135154
2048,52,ft,RFD rows + true directions,0.5020155713732013,0.4589537026070363,1.0918837146827292,0.8884601841744468,0.8136948763198731
2048,52,of,oracle rows + RFD directions,0.2804350942681163,0.2690317915588573,1.042287706829479,0.9631312969323714,0.9240551247237752
2048,52,ff,complete RFD,0.5020166300430575,0.4589511635438095,1.091893367228767,0.8884614957789579,0.8136888843219916
2048,52,fixed,fixed-centre comparator,0.3353124708915504,,,,
2048,50,ot,oracle rows + true directions,0.2914604052075591,0.2801934922495644,1.0401979808909516,0.959943543600869,0.9228469591708464
2048,50,oo,oracle rows + oracle-fit directions,0.2909337504445244,0.2797771139553113,1.0398598025854275,0.9600649803564528,0.9232638649647014
2048,50,ft,RFD rows + true directions,0.4767073487768236,0.447807974860311,1.0575859076027712,0.8941297543709791,0.8454440891687955
2048,50,of,oracle rows + RFD directions,0.2907982888292015,0.2797074027589135,1.0396303339867252,0.9600852924828416,0.9234871868360666
2048,50,ff,complete RFD,0.4765802277033975,0.4478053399454863,1.0572233514336402,0.894131074013373,0.8457352675769909
2048,50,fixed,fixed-centre comparator,0.4176915978779918,,,,
2048,48,ot,oracle rows + true directions,0.2867983719487529,0.2773122653409592,1.0339318334242615,0.9607798434040264,0.9292487302785092
2048,48,oo,oracle rows + oracle-fit directions,0.2864719815424703,0.2770231380327677,1.0338315779508025,0.9608632478112994,0.929419518908354
2048,48,ft,RFD rows + true directions,0.4200694270848914,0.3946814080354788,1.062640531361996,0.9188180375630052,0.86465555420265
2048,48,of,oracle rows + RFD directions,0.2862486970505847,0.2768462190070893,1.033677466698524,0.9609142370791882,0.92960741434005
2048,48,ff,complete RFD,0.4200306141176934,0.3946911061322568,1.0624963254735285,0.9188138716519768,0.8647689875468363
2048,48,fixed,fixed-centre comparator,0.3533783765434016,,,,
2048,51,ot,oracle rows + true directions,0.2827883160946493,0.2736429400977341,1.033166984292836,0.9618313476564736,0.9309543977683442
2048,51,oo,oracle rows + oracle-fit directions,0.2827202429083937,0.2736218137394542,1.0329839586315863,0.961837357896818,0.9311251640064014
2048,51,ft,RFD rows + true directions,0.4954049344546549,0.4468183891900386,1.1085858407747016,0.8946246850392733,0.8069963119988003
2048,51,of,oracle rows + RFD directions,0.2828785762308405,0.2737707760573997,1.0329978555374704,0.9617949688873032,0.931071602648081
2048,51,ff,complete RFD,0.4956125466138275,0.4470374475172132,1.1084996279719157,0.8945152433118704,0.8069603459844672
2048,51,fixed,fixed-centre comparator,0.3687619087965342,,,,
2048,53,ot,oracle rows + true directions,0.2732017386297529,0.2623570125485548,1.0411810358568043,0.9649708793360544,0.9268041254151008
2048,53,oo,oracle rows + oracle-fit directions,0.2733024274727754,0.2624835319288417,1.0410719589018669,0.9649364722437228,0.9268681804296676
2048,53,ft,RFD rows + true directions,0.5660587454702503,0.5045354677153596,1.1200355950693035,0.8633909669536992,0.7708602929715602
2048,53,of,oracle rows + RFD directions,0.273367632936949,0.2625467852820505,1.0410707461663524,0.9649192637407864,0.926852730512324
2048,53,ff,complete RFD,0.5662686237768515,0.5047004542408029,1.1200777216936766,0.8632945334525913,0.770745205205223
2048,53,fixed,fixed-centre comparator,0.4129280952872942,,,,
2048,54,ot,oracle rows + true directions,0.281819218623112,0.2711045884451564,1.039519851801464,0.9625498959139638,0.9259562424381668
2048,54,oo,oracle rows + oracle-fit directions,0.2816148439708283,0.2709486939654251,1.0393643939986883,0.962593790359376,0.9261369697840456
2048,54,ft,RFD rows + true directions,0.4582516035721511,0.43241192458781,1.0533813500619955,0.9016761766145682,0.8559826662599456
2048,54,of,oracle rows + RFD directions,0.2816282146716157,0.2709499604786953,1.0394086030403809,0.9625934338632244,0.9260972355313742
2048,54,ff,complete RFD,0.458293254015666,0.4324665441217029,1.0533252752572395,0.9016499809878727,0.8560033658811376
2048,54,fixed,fixed-centre comparator,0.3708505661174129,,,,
2048,55,ot,oracle rows + true directions,0.280785082468293,0.2689989055202423,1.0436380063675292,0.9631404823954351,0.9228683475678772
2048,55,oo,oracle rows + oracle-fit directions,0.2808836977903806,0.2691194747107211,1.0435453481363186,0.9631068000649904,0.922918013850587
2048,55,ft,RFD rows + true directions,0.4158871288734752,0.3945564865229222,1.05035280031644,0.9188716879644768,0.8748219528596943
2048,55,of,oracle rows + RFD directions,0.280864486056936,0.2691439909464114,1.0433892490132215,0.9630999491939752,0.9230495235644997
2048,55,ff,complete RFD,0.4161570495451673,0.3948416876513055,1.0502281880850002,0.9187491723493788,0.8748090965113383
2048,55,fixed,fixed-centre comparator,0.3567896765309704,,,,
2048,56,ot,oracle rows + true directions,0.2583735991682251,0.2512068075518552,1.0283656856154384,0.9679334377112953,0.9412346709449207
2048,56,oo,oracle rows + oracle-fit directions,0.258488801794792,0.2513501510447682,1.0282250089530038,0.967896224587002,0.9413272544037498
2048,56,ft,RFD rows + true directions,0.4434830295159405,0.4127081930001565,1.0731874947829902,0.9108632978831376,0.848745724592443
2048,56,of,oracle rows + RFD directions,0.2585902238946706,0.2514470611478053,1.0282306367195713,0.9678710531058008,0.9412976218970296
2048,56,ff,complete RFD,0.4437376404269437,0.4129637547520901,1.0731175035302394,0.9107474607491672,0.8486931372874613
2048,56,fixed,fixed-centre comparator,0.3934963866601131,,,,
2048,58,ot,oracle rows + true directions,0.2796300486633133,0.2696457667034375,1.0370144597383817,0.962959584042298,0.9285883865932149
2048,58,oo,oracle rows + oracle-fit directions,0.2797628471370757,0.2697551309569327,1.0370870275570545,0.9629289534137022,0.9284938754676766
2048,58,ft,RFD rows + true directions,0.3970032810354812,0.3751695189993242,1.0568001144156258,0.9269562190383188,0.8771348587058905
2048,58,of,oracle rows + RFD directions,0.2799465685667179,0.2699353545042374,1.0370740378005263,0.9628784473591002,0.9284568046860152
2048,58,ff,complete RFD,0.3973247021925273,0.3754182462482994,1.056963387982197,0.9268555121397568,0.8769040845484503
2048,58,fixed,fixed-centre comparator,0.404154773453713,,,,
2048,57,ot,oracle rows + true directions,0.2598279809372837,0.2512977842344436,1.033940143251946,0.9679098220592964,0.9361371916705244
2048,57,oo,oracle rows + oracle-fit directions,0.259725380959531,0.2512091665044342,1.0338966654247082,0.9679328254915976,0.9361988077348002
2048,57,ft,RFD rows + true directions,0.4402272777418834,0.4127934498063766,1.0638005566706523,0.9108246635862196,0.856198709311455
2048,57,of,oracle rows + RFD directions,0.2596387586876977,0.2511665719025961,1.0337286659161693,0.967943879136956,0.9363616498717195
2048,57,ff,complete RFD,0.4402906795796731,0.4128853985773272,1.0636931889804842,0.9107829860299552,0.8562459508675725
2048,57,fixed,fixed-centre comparator,0.3699999741177676,,,,
2048,59,ot,oracle rows + true directions,0.2926316209832441,0.2793465592983057,1.047361243322383,0.9601903456128884,0.9167709343215952
2048,59,oo,oracle rows + oracle-fit directions,0.2933414310149058,0.279922264549622,1.047730827308057,0.960022669424744,0.9162875085878094
2048,59,ft,RFD rows + true directions,0.4580859362542319,0.4255989921258953,1.0743468838339023,0.9049118730027924,0.8422902198715687
2048,59,of,oracle rows + RFD directions,0.2936581788300859,0.2802120270382263,1.0477808672608082,0.9599381333727338,0.9161630674573016
2048,59,ff,complete RFD,0.4590599647016398,0.4263106893213153,1.0748567138771803,0.9045768050145798,0.8415789689321715
2048,59,fixed,fixed-centre comparator,0.4170837614873469,,,,
2048,60,ot,oracle rows + true directions,0.2673689051563268,0.258509527638335,1.0342652503824563,0.9660087080975022,0.9340047997748024
2048,60,oo,oracle rows + oracle-fit directions,0.2672950657140859,0.2584346845893628,1.034279491341577,0.9660287334242168,0.93401130111472
2048,60,ft,RFD rows + true directions,0.4498967588177791,0.4189814637068326,1.071889956660094,0.9079947869178988,0.8470970189394469
2048,60,of,oracle rows + RFD directions,0.2673756278532118,0.258515732028668,1.034266425588843,0.9660070477453472,0.934002133149944
2048,60,ff,complete RFD,0.4499305409512433,0.4189988807767035,1.0719301229682736,0.90798674985259,0.8470577796044118
2048,60,fixed,fixed-centre comparator,0.4338049532920772,,,,
2048,61,ot,oracle rows + true directions,0.2693734357875487,0.2616444334066656,1.0292286633760708,0.9651643333999168,0.9377550079435112
2048,61,oo,oracle rows + oracle-fit directions,0.2694999530364833,0.261763188649785,1.0292434243825654,0.9651321324398529,0.93771027297923
2048,61,ft,RFD rows + true directions,0.4376748257625072,0.4149702228933287,1.0489714984925798,0.9098349927936722,0.8673591170981735
2048,61,of,oracle rows + RFD directions,0.2697178663249562,0.2619751417817473,1.0292365456060208,0.9650746215129864,0.9376606627825718
2048,61,ff,complete RFD,0.4381149696151638,0.4153294074570218,1.0491207532180205,0.9096710852288312,0.8670794876934343
2048,61,fixed,fixed-centre comparator,0.4094989659187967,,,,
2048,62,ot,oracle rows + true directions,0.2780239030604484,0.2694423588889081,1.0315592492087595,0.9630165186726448,0.933554247525104
2048,62,oo,oracle rows + oracle-fit directions,0.2780075645252635,0.269421329877848,1.0315815221674287,0.9630224021313584,0.9335397944197152
2048,62,ft,RFD rows + true directions,0.5327007631425559,0.4831419917846226,1.0999165183117618,0.8755420125695781,0.7960076951234708
2048,62,of,oracle rows + RFD directions,0.2780943739399793,0.2695111614054005,1.0315553775788675,0.9629972657686582,0.933539087381697
2048,62,ff,complete RFD,0.5328418815351229,0.4832515309218145,1.0999552278191649,0.8754815576936629,0.7959247208901798
2048,62,fixed,fixed-centre comparator,0.3753084397598533,,,,
2048,63,ot,oracle rows + true directions,0.2628201636182086,0.2546589010774596,1.0320177298480089,0.96703094268075,0.9370293888489402
2048,63,oo,oracle rows + oracle-fit directions,0.2629243761565378,0.2547903621299778,1.0318892947304723,0.9669963140393424,0.9371124586498594
2048,63,ft,RFD rows + true directions,0.5145868557632595,0.4592479229657032,1.1204524393474673,0.888308136432222,0.7928119974012978
2048,63,of,oracle rows + RFD directions,0.2629950150557484,0.2548510265647673,1.0319213179124933,0.9669803277517512,0.9370678858615756
2048,63,ff,complete RFD,0.5147202363823316,0.4593817933641744,1.120414040914227,0.8882389137644864,0.792777385259924
2048,63,fixed,fixed-centre comparator,0.2714961905132621,,,,
